Sr. No,Categories,URL
1,Kitchenware & Appliances,https://blinkit.com/dc/kitchenware-appliances/cookware-sets/?collection_uuid=OTg3NjU0MzIxMjM0NTI5ODI%3D&collection_group_id=620091&sort=bestsellers&enable_auto_suggestions=false&should_disable_rails=false&hide_filters=false&show_filters=true&oos_visibility=true&exclude_combos=false&disable_previous_buy_boosting=false&should_disable_listing=false&should_personalise=false&critical_entities_visibility=false&collection_group_name=Cookware+%26+Sets&collection_name=Kitchenware+%26+Appliances
,,https://blinkit.com/dc/kitchenware-appliances/storage-containers/?collection_uuid=OTg3NjU0MzIxMjM0NTI5ODI%3D&collection_group_id=620092&sort=bestsellers&enable_auto_suggestions=false&should_disable_rails=false&hide_filters=false&show_filters=true&oos_visibility=true&exclude_combos=false&disable_previous_buy_boosting=false&should_disable_listing=false&should_personalise=false&critical_entities_visibility=false&collection_group_name=Storage+%26+Containers&collection_name=Kitchenware+%26+Appliances
,,https://blinkit.com/dc/kitchenware-appliances/kitchen-appliances/?collection_uuid=OTg3NjU0MzIxMjM0NTI5ODI%3D&collection_group_id=13653&sort=bestsellers&enable_auto_suggestions=false&should_disable_rails=false&hide_filters=false&show_filters=true&oos_visibility=true&exclude_combos=false&disable_previous_buy_boosting=false&should_disable_listing=false&should_personalise=false&critical_entities_visibility=false&collection_group_name=Kitchen+Appliances&collection_name=Kitchenware+%26+Appliances
,,https://blinkit.com/dc/kitchenware-appliances/bottles-flasks/?collection_uuid=OTg3NjU0MzIxMjM0NTI5ODI%3D&collection_group_id=620088&sort=bestsellers&enable_auto_suggestions=false&should_disable_rails=false&hide_filters=false&show_filters=true&oos_visibility=true&exclude_combos=false&disable_previous_buy_boosting=false&should_disable_listing=false&should_personalise=false&critical_entities_visibility=false&collection_group_name=Bottles+%26+Flasks&collection_name=Kitchenware+%26+Appliances
,,https://blinkit.com/dc/kitchenware-appliances/kitchen-accessories/?collection_uuid=OTg3NjU0MzIxMjM0NTI5ODI%3D&collection_group_id=659661&sort=bestsellers&enable_auto_suggestions=false&should_disable_rails=false&hide_filters=false&show_filters=true&oos_visibility=true&exclude_combos=false&disable_previous_buy_boosting=false&should_disable_listing=false&should_personalise=false&critical_entities_visibility=false&collection_group_name=Kitchen+Accessories&collection_name=Kitchenware+%26+Appliances
,,https://blinkit.com/dc/kitchenware-appliances/mugs-glasses/?collection_uuid=OTg3NjU0MzIxMjM0NTI5ODI%3D&collection_group_id=620090&sort=bestsellers&enable_auto_suggestions=false&should_disable_rails=false&hide_filters=false&show_filters=true&oos_visibility=true&exclude_combos=false&disable_previous_buy_boosting=false&should_disable_listing=false&should_personalise=false&critical_entities_visibility=false&collection_group_name=Mugs+%26+Glasses&collection_name=Kitchenware+%26+Appliances
,,https://blinkit.com/dc/kitchenware-appliances/barware/?collection_uuid=OTg3NjU0MzIxMjM0NTI5ODI%3D&collection_group_id=620093&sort=bestsellers&enable_auto_suggestions=false&should_disable_rails=false&hide_filters=false&show_filters=true&oos_visibility=true&exclude_combos=false&disable_previous_buy_boosting=false&should_disable_listing=false&should_personalise=false&critical_entities_visibility=false&collection_group_name=Barware&collection_name=Kitchenware+%26+Appliances
,,https://blinkit.com/dc/kitchenware-appliances/lunch-boxes/?collection_uuid=OTg3NjU0MzIxMjM0NTI5ODI%3D&collection_group_id=620094&sort=bestsellers&enable_auto_suggestions=false&should_disable_rails=false&hide_filters=false&show_filters=true&oos_visibility=true&exclude_combos=false&disable_previous_buy_boosting=false&should_disable_listing=false&should_personalise=false&critical_entities_visibility=false&collection_group_name=Lunch+Boxes&collection_name=Kitchenware+%26+Appliances
,,https://blinkit.com/dc/kitchenware-appliances/cutting-chopping/?collection_uuid=OTg3NjU0MzIxMjM0NTI5ODI%3D&collection_group_id=620095&sort=bestsellers&enable_auto_suggestions=false&should_disable_rails=false&hide_filters=false&show_filters=true&oos_visibility=true&exclude_combos=false&disable_previous_buy_boosting=false&should_disable_listing=false&should_personalise=false&critical_entities_visibility=false&collection_group_name=Cutting+%26+Chopping&collection_name=Kitchenware+%26+Appliances
,,https://blinkit.com/dc/kitchenware-appliances/dining-serveware/?collection_uuid=OTg3NjU0MzIxMjM0NTI5ODI%3D&collection_group_id=578042&sort=bestsellers&enable_auto_suggestions=false&should_disable_rails=false&hide_filters=false&show_filters=true&oos_visibility=true&exclude_combos=false&disable_previous_buy_boosting=false&should_disable_listing=false&should_personalise=false&critical_entities_visibility=false&collection_group_name=Dining+%26+Serveware&collection_name=Kitchenware+%26+Appliances
,,https://blinkit.com/dc/kitchenware-appliances/tissues-disposables/?collection_uuid=OTg3NjU0MzIxMjM0NTI5ODI%3D&collection_group_id=13652&sort=bestsellers&enable_auto_suggestions=false&should_disable_rails=false&hide_filters=false&show_filters=true&oos_visibility=true&exclude_combos=false&disable_previous_buy_boosting=false&should_disable_listing=false&should_personalise=false&critical_entities_visibility=false&collection_group_name=Tissues+%26+Disposables&collection_name=Kitchenware+%26+Appliances
2,Cleaners & Repellents,https://blinkit.com/dc/cleaners-repellents/repellents-disinfectants/?collection_uuid=OTg3NjU0MzIxMjM0NTMzMjc%3D&collection_group_id=11720
,,https://blinkit.com/dc/cleaners-repellents/detergent-powder-bars/?collection_uuid=OTg3NjU0MzIxMjM0NTMzMjc%3D&collection_group_id=11711&sort=bestsellers&enable_auto_suggestions=false&should_disable_rails=false&hide_filters=false&show_filters=true&oos_visibility=true&exclude_combos=false&disable_previous_buy_boosting=false&should_disable_listing=false&should_personalise=false&critical_entities_visibility=false&collection_group_name=Detergent+Powder+%26+Bars&collection_name=Cleaners+%26+Repellents
,,https://blinkit.com/dc/cleaners-repellents/liquid-detergents/?collection_uuid=OTg3NjU0MzIxMjM0NTMzMjc%3D&collection_group_id=82715&sort=bestsellers&enable_auto_suggestions=false&should_disable_rails=false&hide_filters=false&show_filters=true&oos_visibility=true&exclude_combos=false&disable_previous_buy_boosting=false&should_disable_listing=false&should_personalise=false&critical_entities_visibility=false&collection_group_name=Liquid+Detergents&collection_name=Cleaners+%26+Repellents
,,https://blinkit.com/dc/cleaners-repellents/laundry-additives/?collection_uuid=OTg3NjU0MzIxMjM0NTMzMjc%3D&collection_group_id=11715&sort=bestsellers&enable_auto_suggestions=false&should_disable_rails=false&hide_filters=false&show_filters=true&oos_visibility=true&exclude_combos=false&disable_previous_buy_boosting=false&should_disable_listing=false&should_personalise=false&critical_entities_visibility=false&collection_group_name=Laundry+Additives&collection_name=Cleaners+%26+Repellents
,,https://blinkit.com/dc/cleaners-repellents/dishwashing-gels-bars/?collection_uuid=OTg3NjU0MzIxMjM0NTMzMjc%3D&collection_group_id=12759&sort=bestsellers&enable_auto_suggestions=false&should_disable_rails=false&hide_filters=false&show_filters=true&oos_visibility=true&exclude_combos=false&disable_previous_buy_boosting=false&should_disable_listing=false&should_personalise=false&critical_entities_visibility=false&collection_group_name=Dishwashing+Gels+%26+Bars&collection_name=Cleaners+%26+Repellents
,,https://blinkit.com/dc/cleaners-repellents/toilet-cleaners/?collection_uuid=OTg3NjU0MzIxMjM0NTMzMjc%3D&collection_group_id=11713&sort=bestsellers&enable_auto_suggestions=false&should_disable_rails=false&hide_filters=false&show_filters=true&oos_visibility=true&exclude_combos=false&disable_previous_buy_boosting=false&should_disable_listing=false&should_personalise=false&critical_entities_visibility=false&collection_group_name=Toilet+Cleaners&collection_name=Cleaners+%26+Repellents
,,https://blinkit.com/dc/cleaners-repellents/floor-cleaners/?collection_uuid=OTg3NjU0MzIxMjM0NTMzMjc%3D&collection_group_id=11714&sort=bestsellers&enable_auto_suggestions=false&should_disable_rails=false&hide_filters=false&show_filters=true&oos_visibility=true&exclude_combos=false&disable_previous_buy_boosting=false&should_disable_listing=false&should_personalise=false&critical_entities_visibility=false&collection_group_name=Floor+Cleaners&collection_name=Cleaners+%26+Repellents
,,https://blinkit.com/dc/cleaners-repellents/glass-metal-cleaners-others/?collection_uuid=OTg3NjU0MzIxMjM0NTMzMjc%3D&collection_group_id=11721&sort=bestsellers&enable_auto_suggestions=false&should_disable_rails=false&hide_filters=false&show_filters=true&oos_visibility=true&exclude_combos=false&disable_previous_buy_boosting=false&should_disable_listing=false&should_personalise=false&critical_entities_visibility=false&collection_group_name=Glass%2C+Metal+Cleaners+%26+Others&collection_name=Cleaners+%26+Repellents
,,https://blinkit.com/dc/cleaners-repellents/household-appliance-cleaners/?collection_uuid=OTg3NjU0MzIxMjM0NTMzMjc%3D&collection_group_id=628094&sort=bestsellers&enable_auto_suggestions=false&should_disable_rails=false&hide_filters=false&show_filters=true&oos_visibility=true&exclude_combos=false&disable_previous_buy_boosting=false&should_disable_listing=false&should_personalise=false&critical_entities_visibility=false&collection_group_name=Household+Appliance+Cleaners&collection_name=Cleaners+%26+Repellents
3,Vegetables & Fruits,https://blinkit.com/dc/vegetables-fruits/all/?collection_uuid=OTg3NjU0MzIxMjM0NTMzNzE%3D&collection_group_id=90651
,,https://blinkit.com/dc/vegetables-fruits/fresh-vegetables/?collection_uuid=OTg3NjU0MzIxMjM0NTMzNzE%3D&collection_group_id=11370&sort=bestsellers&enable_auto_suggestions=false&should_disable_rails=false&hide_filters=false&show_filters=true&oos_visibility=true&exclude_combos=false&disable_previous_buy_boosting=false&should_disable_listing=false&should_personalise=false&critical_entities_visibility=false&collection_group_name=Fresh+Vegetables&collection_name=Vegetables+%26+Fruits
,,https://blinkit.com/dc/vegetables-fruits/fresh-fruits/?collection_uuid=OTg3NjU0MzIxMjM0NTMzNzE%3D&collection_group_id=11371&sort=bestsellers&enable_auto_suggestions=false&should_disable_rails=false&hide_filters=false&show_filters=true&oos_visibility=true&exclude_combos=false&disable_previous_buy_boosting=false&should_disable_listing=false&should_personalise=false&critical_entities_visibility=false&collection_group_name=Fresh+Fruits&collection_name=Vegetables+%26+Fruits
,,https://blinkit.com/dc/vegetables-fruits/exotics/?collection_uuid=OTg3NjU0MzIxMjM0NTMzNzE%3D&collection_group_id=11372&sort=bestsellers&enable_auto_suggestions=false&should_disable_rails=false&hide_filters=false&show_filters=true&oos_visibility=true&exclude_combos=false&disable_previous_buy_boosting=false&should_disable_listing=false&should_personalise=false&critical_entities_visibility=false&collection_group_name=Exotics&collection_name=Vegetables+%26+Fruits
,,https://blinkit.com/dc/vegetables-fruits/coriander-others/?collection_uuid=OTg3NjU0MzIxMjM0NTMzNzE%3D&collection_group_id=11373&sort=bestsellers&enable_auto_suggestions=false&should_disable_rails=false&hide_filters=false&show_filters=true&oos_visibility=true&exclude_combos=false&disable_previous_buy_boosting=false&should_disable_listing=false&should_personalise=false&critical_entities_visibility=false&collection_group_name=Coriander+%26+Others&collection_name=Vegetables+%26+Fruits
,,https://blinkit.com/dc/vegetables-fruits/freshly-cut-sprouts/?collection_uuid=OTg3NjU0MzIxMjM0NTMzNzE%3D&collection_group_id=11374&sort=bestsellers&enable_auto_suggestions=false&should_disable_rails=false&hide_filters=false&show_filters=true&oos_visibility=true&exclude_combos=false&disable_previous_buy_boosting=false&should_disable_listing=false&should_personalise=false&critical_entities_visibility=false&collection_group_name=Freshly+Cut+%26+Sprouts&collection_name=Vegetables+%26+Fruits
,,https://blinkit.com/dc/vegetables-fruits/trusted-organics/?collection_uuid=OTg3NjU0MzIxMjM0NTMzNzE%3D&collection_group_id=11375&sort=bestsellers&enable_auto_suggestions=false&should_disable_rails=false&hide_filters=false&show_filters=true&oos_visibility=true&exclude_combos=false&disable_previous_buy_boosting=false&should_disable_listing=false&should_personalise=false&critical_entities_visibility=false&collection_group_name=Trusted+Organics&collection_name=Vegetables+%26+Fruits
,,https://blinkit.com/dc/vegetables-fruits/flowers-leaves/?collection_uuid=OTg3NjU0MzIxMjM0NTMzNzE%3D&collection_group_id=18664&sort=bestsellers&enable_auto_suggestions=false&should_disable_rails=false&hide_filters=false&show_filters=true&oos_visibility=true&exclude_combos=false&disable_previous_buy_boosting=false&should_disable_listing=false&should_personalise=false&critical_entities_visibility=false&collection_group_name=Flowers+%26+Leaves&collection_name=Vegetables+%26+Fruits
,,https://blinkit.com/dc/vegetables-fruits/seasonal/?collection_uuid=OTg3NjU0MzIxMjM0NTMzNzE%3D&collection_group_id=16398&sort=bestsellers&enable_auto_suggestions=false&should_disable_rails=false&hide_filters=false&show_filters=true&oos_visibility=true&exclude_combos=false&disable_previous_buy_boosting=false&should_disable_listing=false&should_personalise=false&critical_entities_visibility=false&collection_group_name=Seasonal&collection_name=Vegetables+%26+Fruits
,,https://blinkit.com/dc/vegetables-fruits/frozen-veg/?collection_uuid=OTg3NjU0MzIxMjM0NTMzNzE%3D&collection_group_id=11376&sort=bestsellers&enable_auto_suggestions=false&should_disable_rails=false&hide_filters=false&show_filters=true&oos_visibility=true&exclude_combos=false&disable_previous_buy_boosting=false&should_disable_listing=false&should_personalise=false&critical_entities_visibility=false&collection_group_name=Frozen+Veg&collection_name=Vegetables+%26+Fruits
,,https://blinkit.com/dc/vegetables-fruits/hydroponic/?collection_uuid=OTg3NjU0MzIxMjM0NTMzNzE%3D&collection_group_id=11377&sort=bestsellers&enable_auto_suggestions=false&should_disable_rails=false&hide_filters=false&show_filters=true&oos_visibility=true&exclude_combos=false&disable_previous_buy_boosting=false&should_disable_listing=false&should_personalise=false&critical_entities_visibility=false&collection_group_name=Hydroponic&collection_name=Vegetables+%26+Fruits
4,Pet Store,https://blinkit.com/cn/null/cid/5/133
,,https://blinkit.com/cn///cid/5/3715
,,https://blinkit.com/cn///cid/5/3721
,,https://blinkit.com/cn///cid/5/3726
,,https://blinkit.com/cn///cid/5/3731
5,Stationery & Games,https://blinkit.com/dc/?collection_uuid=OTg3NjU0MzIxMjM0NTMzMjU%3D
,,https://blinkit.com/dc/stationery-games/pens-pencils/?collection_uuid=OTg3NjU0MzIxMjM0NTMzMjU%3D&collection_group_id=627401&enable_auto_suggestions=false&should_disable_rails=false&hide_filters=false&show_filters=true&oos_visibility=true&exclude_combos=false&disable_previous_buy_boosting=false&should_disable_listing=false&should_personalise=false&critical_entities_visibility=false&collection_group_name=Pens+%26+Pencils&collection_name=Stationery+%26+Games
,,https://blinkit.com/dc/stationery-games/toys-games/?collection_uuid=OTg3NjU0MzIxMjM0NTMzMjU%3D&collection_group_id=12256&sort=bestsellers&enable_auto_suggestions=false&should_disable_rails=false&hide_filters=false&show_filters=true&oos_visibility=true&exclude_combos=false&disable_previous_buy_boosting=false&should_disable_listing=false&should_personalise=false&critical_entities_visibility=false&collection_group_name=Toys+%26+Games&collection_name=Stationery+%26+Games
,,https://blinkit.com/dc/stationery-games/glue-tape/?collection_uuid=OTg3NjU0MzIxMjM0NTMzMjU%3D&collection_group_id=11730&sort=bestsellers&enable_auto_suggestions=false&should_disable_rails=false&hide_filters=false&show_filters=true&oos_visibility=true&exclude_combos=false&disable_previous_buy_boosting=false&should_disable_listing=false&should_personalise=false&critical_entities_visibility=false&collection_group_name=Glue+%26+Tape&collection_name=Stationery+%26+Games
,,https://blinkit.com/dc/stationery-games/books-magazines/?collection_uuid=OTg3NjU0MzIxMjM0NTMzMjU%3D&collection_group_id=12254&sort=bestsellers&enable_auto_suggestions=false&should_disable_rails=false&hide_filters=false&show_filters=true&oos_visibility=true&exclude_combos=false&disable_previous_buy_boosting=false&should_disable_listing=false&should_personalise=false&critical_entities_visibility=false&collection_group_name=Books+%26+Magazines&collection_name=Stationery+%26+Games
,,https://blinkit.com/dc/stationery-games/bags-school-needs/?collection_uuid=OTg3NjU0MzIxMjM0NTMzMjU%3D&collection_group_id=12255&sort=bestsellers&enable_auto_suggestions=false&should_disable_rails=false&hide_filters=false&show_filters=true&oos_visibility=true&exclude_combos=false&disable_previous_buy_boosting=false&should_disable_listing=false&should_personalise=false&critical_entities_visibility=false&collection_group_name=Bags+%26+School+Needs&collection_name=Stationery+%26+Games
,,https://blinkit.com/dc/stationery-games/childrens-books/?collection_uuid=OTg3NjU0MzIxMjM0NTMzMjU%3D&collection_group_id=714981&enable_auto_suggestions=false&should_disable_rails=false&hide_filters=false&show_filters=true&oos_visibility=true&exclude_combos=false&disable_previous_buy_boosting=false&should_disable_listing=false&should_personalise=false&critical_entities_visibility=false&collection_group_name=Children%27s+Books&collection_name=Stationery+%26+Games
,,https://blinkit.com/dc/stationery-games/arts-crafts/?collection_uuid=OTg3NjU0MzIxMjM0NTMzMjU%3D&collection_group_id=583269&enable_auto_suggestions=false&should_disable_rails=false&hide_filters=false&show_filters=true&oos_visibility=true&exclude_combos=false&disable_previous_buy_boosting=false&should_disable_listing=false&should_personalise=false&critical_entities_visibility=false&collection_group_name=Arts+%26+Crafts&collection_name=Stationery+%26+Games
,,https://blinkit.com/dc/stationery-games/files-office-needs/?collection_uuid=OTg3NjU0MzIxMjM0NTMzMjU%3D&collection_group_id=12257&sort=bestsellers&enable_auto_suggestions=false&should_disable_rails=false&hide_filters=false&show_filters=true&oos_visibility=true&exclude_combos=false&disable_previous_buy_boosting=false&should_disable_listing=false&should_personalise=false&critical_entities_visibility=false&collection_group_name=Files+%26+Office+Needs&collection_name=Stationery+%26+Games
,,https://blinkit.com/dc/stationery-games/gift-wraps-bags/?collection_uuid=OTg3NjU0MzIxMjM0NTMzMjU%3D&collection_group_id=627415&sort=bestsellers&enable_auto_suggestions=false&should_disable_rails=false&hide_filters=false&show_filters=true&oos_visibility=true&exclude_combos=false&disable_previous_buy_boosting=false&should_disable_listing=false&should_personalise=false&critical_entities_visibility=false&collection_group_name=Gift+Wraps+%26+Bags&collection_name=Stationery+%26+Games
,,https://blinkit.com/dc/stationery-games/sports-gym/?collection_uuid=OTg3NjU0MzIxMjM0NTMzMjU%3D&collection_group_id=11731&sort=bestsellers&enable_auto_suggestions=false&should_disable_rails=false&hide_filters=false&show_filters=true&oos_visibility=true&exclude_combos=false&disable_previous_buy_boosting=false&should_disable_listing=false&should_personalise=false&critical_entities_visibility=false&collection_group_name=Sports+%26+Gym&collection_name=Stationery+%26+Games
,,https://blinkit.com/dc/stationery-games/shoe-polish-brush/?collection_uuid=OTg3NjU0MzIxMjM0NTMzMjU%3D&collection_group_id=11729&sort=bestsellers&enable_auto_suggestions=false&should_disable_rails=false&hide_filters=false&show_filters=true&oos_visibility=true&exclude_combos=false&disable_previous_buy_boosting=false&should_disable_listing=false&should_personalise=false&critical_entities_visibility=false&collection_group_name=Shoe+Polish+%26+Brush&collection_name=Stationery+%26+Games
6,E-Gifts Store,https://blinkit.com/cn/e-cards/cid/416/4301
7,Bath & Body,https://blinkit.com/dc/bath-body/bathing-soaps/?collection_uuid=OTg3NjU0MzIxMjM0NTMzNDY%3D&collection_group_id=679509
,,https://blinkit.com/dc/bath-body/shower-gels-scrubs/?collection_uuid=OTg3NjU0MzIxMjM0NTMzNDY%3D&collection_group_id=723321&sort=bestsellers&enable_auto_suggestions=false&should_disable_rails=false&hide_filters=false&show_filters=true&oos_visibility=true&exclude_combos=false&disable_previous_buy_boosting=false&should_disable_listing=false&should_personalise=false&critical_entities_visibility=false&collection_group_name=Shower+Gels+%26+Scrubs&collection_name=Bath+%26+Body
,,https://blinkit.com/dc/bath-body/oral-care/?collection_uuid=OTg3NjU0MzIxMjM0NTMzNDY%3D&collection_group_id=11650&sort=bestsellers&enable_auto_suggestions=false&should_disable_rails=false&hide_filters=false&show_filters=true&oos_visibility=true&exclude_combos=false&disable_previous_buy_boosting=false&should_disable_listing=false&should_personalise=false&critical_entities_visibility=false&collection_group_name=Oral+Care&collection_name=Bath+%26+Body
,,https://blinkit.com/dc/bath-body/handwash/?collection_uuid=OTg3NjU0MzIxMjM0NTMzNDY%3D&collection_group_id=11658&sort=bestsellers&enable_auto_suggestions=false&should_disable_rails=false&hide_filters=false&show_filters=true&oos_visibility=true&exclude_combos=false&disable_previous_buy_boosting=false&should_disable_listing=false&should_personalise=false&critical_entities_visibility=false&collection_group_name=Handwash&collection_name=Bath+%26+Body
,,https://blinkit.com/dc/bath-body/fragrance-talc/?collection_uuid=OTg3NjU0MzIxMjM0NTMzNDY%3D&collection_group_id=174026&sort=bestsellers&enable_auto_suggestions=false&should_disable_rails=false&hide_filters=false&show_filters=true&oos_visibility=true&exclude_combos=false&disable_previous_buy_boosting=false&should_disable_listing=false&should_personalise=false&critical_entities_visibility=false&collection_group_name=Fragrance+%26+Talc&collection_name=Bath+%26+Body
,,https://blinkit.com/dc/bath-body/bath-accessories/?collection_uuid=OTg3NjU0MzIxMjM0NTMzNDY%3D&collection_group_id=12739&sort=bestsellers&enable_auto_suggestions=false&should_disable_rails=false&hide_filters=false&show_filters=true&oos_visibility=true&exclude_combos=false&disable_previous_buy_boosting=false&should_disable_listing=false&should_personalise=false&critical_entities_visibility=false&collection_group_name=Bath+Accessories&collection_name=Bath+%26+Body
,,https://blinkit.com/dc/bath-body/shampoo/?collection_uuid=OTg3NjU0MzIxMjM0NTMzNDY%3D&collection_group_id=12011&sort=bestsellers&enable_auto_suggestions=false&should_disable_rails=false&hide_filters=false&show_filters=true&oos_visibility=true&exclude_combos=false&disable_previous_buy_boosting=false&should_disable_listing=false&should_personalise=false&critical_entities_visibility=false&collection_group_name=Shampoo&collection_name=Bath+%26+Body
,,https://blinkit.com/dc/bath-body/conditioner/?collection_uuid=OTg3NjU0MzIxMjM0NTMzNDY%3D&collection_group_id=12012&sort=bestsellers&enable_auto_suggestions=false&should_disable_rails=false&hide_filters=false&show_filters=true&oos_visibility=true&exclude_combos=false&disable_previous_buy_boosting=false&should_disable_listing=false&should_personalise=false&critical_entities_visibility=false&collection_group_name=Conditioner&collection_name=Bath+%26+Body
,,https://blinkit.com/dc/bath-body/face-cleaning/?collection_uuid=OTg3NjU0MzIxMjM0NTMzNDY%3D&collection_group_id=209068&sort=bestsellers&enable_auto_suggestions=false&should_disable_rails=false&hide_filters=false&show_filters=true&oos_visibility=true&exclude_combos=false&disable_previous_buy_boosting=false&should_disable_listing=false&should_personalise=false&critical_entities_visibility=false&collection_group_name=Face+Cleaning&collection_name=Bath+%26+Body
,,https://blinkit.com/dc/bath-body/body-lotions-oils/?collection_uuid=OTg3NjU0MzIxMjM0NTMzNDY%3D&collection_group_id=209073&sort=bestsellers&enable_auto_suggestions=false&should_disable_rails=false&hide_filters=false&show_filters=true&oos_visibility=true&exclude_combos=false&disable_previous_buy_boosting=false&should_disable_listing=false&should_personalise=false&critical_entities_visibility=false&collection_group_name=Body+Lotions+%26+Oils&collection_name=Bath+%26+Body
,,https://blinkit.com/dc/bath-body/body-treatment-roll-on/?collection_uuid=OTg3NjU0MzIxMjM0NTMzNDY%3D&collection_group_id=887335&sort=bestsellers&enable_auto_suggestions=false&should_disable_rails=false&hide_filters=false&show_filters=true&oos_visibility=true&exclude_combos=false&disable_previous_buy_boosting=false&should_disable_listing=false&should_personalise=false&critical_entities_visibility=false&collection_group_name=Body+Treatment+%26+Roll+On&collection_name=Bath+%26+Body
,,https://blinkit.com/dc/bath-body/bath-beauty-gifts/?collection_uuid=OTg3NjU0MzIxMjM0NTMzNDY%3D&collection_group_id=18689&sort=bestsellers&enable_auto_suggestions=false&should_disable_rails=false&hide_filters=false&show_filters=true&oos_visibility=true&exclude_combos=false&disable_previous_buy_boosting=false&should_disable_listing=false&should_personalise=false&critical_entities_visibility=false&collection_group_name=Bath+%26+Beauty+Gifts&collection_name=Bath+%26+Body
8,Hair,https://blinkit.com/dc/hair/shampoo/?collection_uuid=OTg3NjU0MzIxMjM0NTMzNDU%3D&collection_group_id=12014
,,https://blinkit.com/dc/hair/conditioner/?collection_uuid=OTg3NjU0MzIxMjM0NTMzNDU%3D&collection_group_id=12015&sort=bestsellers&enable_auto_suggestions=false&should_disable_rails=false&hide_filters=false&show_filters=true&oos_visibility=true&exclude_combos=false&disable_previous_buy_boosting=false&should_disable_listing=false&should_personalise=false&critical_entities_visibility=false&collection_group_name=Conditioner&collection_name=Hair
,,https://blinkit.com/dc/hair/hair-colour/?collection_uuid=OTg3NjU0MzIxMjM0NTMzNDU%3D&collection_group_id=135472&enable_auto_suggestions=false&should_disable_rails=false&hide_filters=false&show_filters=true&oos_visibility=true&exclude_combos=false&disable_previous_buy_boosting=false&should_disable_listing=false&should_personalise=false&critical_entities_visibility=false&collection_group_name=Hair+Colour&collection_name=Hair
,,https://blinkit.com/dc/hair/hair-oil-cream/?collection_uuid=OTg3NjU0MzIxMjM0NTMzNDU%3D&collection_group_id=11659&sort=bestsellers&enable_auto_suggestions=false&should_disable_rails=false&hide_filters=false&show_filters=true&oos_visibility=true&exclude_combos=false&disable_previous_buy_boosting=false&should_disable_listing=false&should_personalise=false&critical_entities_visibility=false&collection_group_name=Hair+Oil+%26+Cream&collection_name=Hair
,,https://blinkit.com/dc/hair/hair-serums/?collection_uuid=OTg3NjU0MzIxMjM0NTMzNDU%3D&collection_group_id=135473&enable_auto_suggestions=false&should_disable_rails=false&hide_filters=false&show_filters=true&oos_visibility=true&exclude_combos=false&disable_previous_buy_boosting=false&should_disable_listing=false&should_personalise=false&critical_entities_visibility=false&collection_group_name=Hair+Serums&collection_name=Hair
,,https://blinkit.com/dc/hair/hair-styling/?collection_uuid=OTg3NjU0MzIxMjM0NTMzNDU%3D&collection_group_id=11661&sort=bestsellers&enable_auto_suggestions=false&should_disable_rails=false&hide_filters=false&show_filters=true&oos_visibility=true&exclude_combos=false&disable_previous_buy_boosting=false&should_disable_listing=false&should_personalise=false&critical_entities_visibility=false&collection_group_name=Hair+Styling&collection_name=Hair
,,https://blinkit.com/dc/hair/appliances/?collection_uuid=OTg3NjU0MzIxMjM0NTMzNDU%3D&collection_group_id=12018&sort=bestsellers&enable_auto_suggestions=false&should_disable_rails=false&hide_filters=false&show_filters=true&oos_visibility=true&exclude_combos=false&disable_previous_buy_boosting=false&should_disable_listing=false&should_personalise=false&critical_entities_visibility=false&collection_group_name=Appliances&collection_name=Hair
,,https://blinkit.com/dc/hair/hair-accessories/?collection_uuid=OTg3NjU0MzIxMjM0NTMzNDU%3D&collection_group_id=11662&sort=bestsellers&enable_auto_suggestions=false&should_disable_rails=false&hide_filters=false&show_filters=true&oos_visibility=true&exclude_combos=false&disable_previous_buy_boosting=false&should_disable_listing=false&should_personalise=false&critical_entities_visibility=false&collection_group_name=Hair+Accessories&collection_name=Hair
9,Skin & Face,https://blinkit.com/dc/skin-face/sunscreen/?collection_uuid=OTg3NjU0MzIxMjM0NTMzNDI%3D&collection_group_id=12020
,,https://blinkit.com/dc/skin-face/face-cleaning/?collection_uuid=OTg3NjU0MzIxMjM0NTMzNDI%3D&collection_group_id=204868&sort=bestsellers&enable_auto_suggestions=false&should_disable_rails=false&hide_filters=false&show_filters=true&oos_visibility=true&exclude_combos=false&disable_previous_buy_boosting=false&should_disable_listing=false&should_personalise=false&critical_entities_visibility=false&collection_group_name=Face+Cleaning&collection_name=Skin+%26+Face
,,https://blinkit.com/dc/skin-face/face-oil-serum-essence/?collection_uuid=OTg3NjU0MzIxMjM0NTMzNDI%3D&collection_group_id=206263&sort=bestsellers&enable_auto_suggestions=false&should_disable_rails=false&hide_filters=false&show_filters=true&oos_visibility=true&exclude_combos=false&disable_previous_buy_boosting=false&should_disable_listing=false&should_personalise=false&critical_entities_visibility=false&collection_group_name=Face+Oil%2C+Serum+%26+Essence&collection_name=Skin+%26+Face
,,https://blinkit.com/dc/skin-face/face-moisturisers/?collection_uuid=OTg3NjU0MzIxMjM0NTMzNDI%3D&collection_group_id=204873&sort=bestsellers&enable_auto_suggestions=false&should_disable_rails=false&hide_filters=false&show_filters=true&oos_visibility=true&exclude_combos=false&disable_previous_buy_boosting=false&should_disable_listing=false&should_personalise=false&critical_entities_visibility=false&collection_group_name=Face+Moisturisers&collection_name=Skin+%26+Face
,,https://blinkit.com/dc/skin-face/body-lotions-oils/?collection_uuid=OTg3NjU0MzIxMjM0NTMzNDI%3D&collection_group_id=204875&sort=bestsellers&enable_auto_suggestions=false&should_disable_rails=false&hide_filters=false&show_filters=true&oos_visibility=true&exclude_combos=false&disable_previous_buy_boosting=false&should_disable_listing=false&should_personalise=false&critical_entities_visibility=false&collection_group_name=Body+Lotions+%26+Oils&collection_name=Skin+%26+Face
,,https://blinkit.com/dc/skin-face/lip-eye-care/?collection_uuid=OTg3NjU0MzIxMjM0NTMzNDI%3D&collection_group_id=204900&sort=bestsellers&enable_auto_suggestions=false&should_disable_rails=false&hide_filters=false&show_filters=true&oos_visibility=true&exclude_combos=false&disable_previous_buy_boosting=false&should_disable_listing=false&should_personalise=false&critical_entities_visibility=false&collection_group_name=Lip+%26+Eye+Care&collection_name=Skin+%26+Face
,,https://blinkit.com/dc/skin-face/face-masks-packs/?collection_uuid=OTg3NjU0MzIxMjM0NTMzNDI%3D&collection_group_id=887330&sort=bestsellers&enable_auto_suggestions=false&should_disable_rails=false&hide_filters=false&show_filters=true&oos_visibility=true&exclude_combos=false&disable_previous_buy_boosting=false&should_disable_listing=false&should_personalise=false&critical_entities_visibility=false&collection_group_name=Face+Masks+%26+Packs&collection_name=Skin+%26+Face
,,https://blinkit.com/dc/skin-face/toners-mists/?collection_uuid=OTg3NjU0MzIxMjM0NTMzNDI%3D&collection_group_id=887331&sort=bestsellers&enable_auto_suggestions=false&should_disable_rails=false&hide_filters=false&show_filters=true&oos_visibility=true&exclude_combos=false&disable_previous_buy_boosting=false&should_disable_listing=false&should_personalise=false&critical_entities_visibility=false&collection_group_name=Toners+%26+Mists&collection_name=Skin+%26+Face
,,https://blinkit.com/dc/skin-face/acne-blackhead-fixers/?collection_uuid=OTg3NjU0MzIxMjM0NTMzNDI%3D&collection_group_id=887332&sort=bestsellers&enable_auto_suggestions=false&should_disable_rails=false&hide_filters=false&show_filters=true&oos_visibility=true&exclude_combos=false&disable_previous_buy_boosting=false&should_disable_listing=false&should_personalise=false&critical_entities_visibility=false&collection_group_name=Acne+%26+Blackhead+Fixers&collection_name=Skin+%26+Face
,,https://blinkit.com/dc/skin-face/mens-grooming/?collection_uuid=OTg3NjU0MzIxMjM0NTMzNDI%3D&collection_group_id=204902&sort=bestsellers&enable_auto_suggestions=false&should_disable_rails=false&hide_filters=false&show_filters=true&oos_visibility=true&exclude_combos=false&disable_previous_buy_boosting=false&should_disable_listing=false&should_personalise=false&critical_entities_visibility=false&collection_group_name=Men%27s+Grooming&collection_name=Skin+%26+Face
,,https://blinkit.com/dc/skin-face/womens-grooming/?collection_uuid=OTg3NjU0MzIxMjM0NTMzNDI%3D&collection_group_id=204891&sort=bestsellers&enable_auto_suggestions=false&should_disable_rails=false&hide_filters=false&show_filters=true&oos_visibility=true&exclude_combos=false&disable_previous_buy_boosting=false&should_disable_listing=false&should_personalise=false&critical_entities_visibility=false&collection_group_name=Women%27s+Grooming&collection_name=Skin+%26+Face
10,Beauty & Cosmetics,https://blinkit.com/dc/beauty-cosmetics/lipstick-gloss-/?collection_uuid=OTg3NjU0MzIxMjM0NTMzNDE%3D&collection_group_id=11672
,,https://blinkit.com/dc/beauty-cosmetics/cleansers-toners/?collection_uuid=OTg3NjU0MzIxMjM0NTMzNDE%3D&collection_group_id=11671&sort=bestsellers&enable_auto_suggestions=false&should_disable_rails=false&hide_filters=false&show_filters=true&oos_visibility=true&exclude_combos=false&disable_previous_buy_boosting=false&should_disable_listing=false&should_personalise=false&critical_entities_visibility=false&collection_group_name=Cleansers+%26+Toners&collection_name=Beauty+%26+Cosmetics
,,https://blinkit.com/dc/beauty-cosmetics/foundation-compact/?collection_uuid=OTg3NjU0MzIxMjM0NTMzNDE%3D&collection_group_id=11675&sort=bestsellers&enable_auto_suggestions=false&should_disable_rails=false&hide_filters=false&show_filters=true&oos_visibility=true&exclude_combos=false&disable_previous_buy_boosting=false&should_disable_listing=false&should_personalise=false&critical_entities_visibility=false&collection_group_name=Foundation+%26+Compact&collection_name=Beauty+%26+Cosmetics
,,https://blinkit.com/dc/beauty-cosmetics/blush-highlighter/?collection_uuid=OTg3NjU0MzIxMjM0NTMzNDE%3D&collection_group_id=22980&sort=bestsellers&enable_auto_suggestions=false&should_disable_rails=false&hide_filters=false&show_filters=true&oos_visibility=true&exclude_combos=false&disable_previous_buy_boosting=false&should_disable_listing=false&should_personalise=false&critical_entities_visibility=false&collection_group_name=Blush+%26+Highlighter&collection_name=Beauty+%26+Cosmetics
,,https://blinkit.com/dc/beauty-cosmetics/primer-concealer/?collection_uuid=OTg3NjU0MzIxMjM0NTMzNDE%3D&collection_group_id=11676&sort=bestsellers&enable_auto_suggestions=false&should_disable_rails=false&hide_filters=false&show_filters=true&oos_visibility=true&exclude_combos=false&disable_previous_buy_boosting=false&should_disable_listing=false&should_personalise=false&critical_entities_visibility=false&collection_group_name=Primer+%26+Concealer&collection_name=Beauty+%26+Cosmetics
,,https://blinkit.com/dc/beauty-cosmetics/kajal-eyeliners/?collection_uuid=OTg3NjU0MzIxMjM0NTMzNDE%3D&collection_group_id=11673&sort=bestsellers&enable_auto_suggestions=false&should_disable_rails=false&hide_filters=false&show_filters=true&oos_visibility=true&exclude_combos=false&disable_previous_buy_boosting=false&should_disable_listing=false&should_personalise=false&critical_entities_visibility=false&collection_group_name=Kajal+%26+Eyeliners&collection_name=Beauty+%26+Cosmetics
,,https://blinkit.com/dc/beauty-cosmetics/bindi-bangles-others/?collection_uuid=OTg3NjU0MzIxMjM0NTMzNDE%3D&collection_group_id=11911&sort=bestsellers&enable_auto_suggestions=false&should_disable_rails=false&hide_filters=false&show_filters=true&oos_visibility=true&exclude_combos=false&disable_previous_buy_boosting=false&should_disable_listing=false&should_personalise=false&critical_entities_visibility=false&collection_group_name=Bindi%2C+Bangles+%26+Others&collection_name=Beauty+%26+Cosmetics
,,https://blinkit.com/dc/beauty-cosmetics/nail-paints-accessories/?collection_uuid=OTg3NjU0MzIxMjM0NTMzNDE%3D&collection_group_id=11674&sort=bestsellers&enable_auto_suggestions=false&should_disable_rails=false&hide_filters=false&show_filters=true&oos_visibility=true&exclude_combos=false&disable_previous_buy_boosting=false&should_disable_listing=false&should_personalise=false&critical_entities_visibility=false&collection_group_name=Nail+Paints+%26+Accessories&collection_name=Beauty+%26+Cosmetics
,,https://blinkit.com/dc/beauty-cosmetics/beauty-accessories/?collection_uuid=OTg3NjU0MzIxMjM0NTMzNDE%3D&collection_group_id=13642&sort=bestsellers&enable_auto_suggestions=false&should_disable_rails=false&hide_filters=false&show_filters=true&oos_visibility=true&exclude_combos=false&disable_previous_buy_boosting=false&should_disable_listing=false&should_personalise=false&critical_entities_visibility=false&collection_group_name=Beauty+Accessories&collection_name=Beauty+%26+Cosmetics
,,https://blinkit.com/dc/beauty-cosmetics/beauty-e-card/?collection_uuid=OTg3NjU0MzIxMjM0NTMzNDE%3D&collection_group_id=128500&enable_auto_suggestions=false&should_disable_rails=false&hide_filters=false&show_filters=true&oos_visibility=true&exclude_combos=false&disable_previous_buy_boosting=false&should_disable_listing=false&should_personalise=false&critical_entities_visibility=false&collection_group_name=Beauty+E-Card&collection_name=Beauty+%26+Cosmetics
11,Feminine Hygiene,https://blinkit.com/dc/feminine-hygiene/sanitary-pads/?collection_uuid=OTg3NjU0MzIxMjM0NTMzNDA%3D&collection_group_id=12237
,,https://blinkit.com/dc/feminine-hygiene/tampons-menstrual-cups/?collection_uuid=OTg3NjU0MzIxMjM0NTMzNDA%3D&collection_group_id=11677&sort=bestsellers&enable_auto_suggestions=false&should_disable_rails=false&hide_filters=false&show_filters=true&oos_visibility=true&exclude_combos=false&disable_previous_buy_boosting=false&should_disable_listing=false&should_personalise=false&critical_entities_visibility=false&collection_group_name=Tampons+%26+Menstrual+Cups&collection_name=Feminine+Hygiene
,,https://blinkit.com/dc/feminine-hygiene/period-panty/?collection_uuid=OTg3NjU0MzIxMjM0NTMzNDA%3D&collection_group_id=12238&sort=bestsellers&enable_auto_suggestions=false&should_disable_rails=false&hide_filters=false&show_filters=true&oos_visibility=true&exclude_combos=false&disable_previous_buy_boosting=false&should_disable_listing=false&should_personalise=false&critical_entities_visibility=false&collection_group_name=Period+Panty&collection_name=Feminine+Hygiene
,,https://blinkit.com/dc/feminine-hygiene/period-pain-relief/?collection_uuid=OTg3NjU0MzIxMjM0NTMzNDA%3D&collection_group_id=11680&sort=bestsellers&enable_auto_suggestions=false&should_disable_rails=false&hide_filters=false&show_filters=true&oos_visibility=true&exclude_combos=false&disable_previous_buy_boosting=false&should_disable_listing=false&should_personalise=false&critical_entities_visibility=false&collection_group_name=Period+Pain+Relief&collection_name=Feminine+Hygiene
,,https://blinkit.com/dc/feminine-hygiene/intimate-wash-wipes/?collection_uuid=OTg3NjU0MzIxMjM0NTMzNDA%3D&collection_group_id=11678&sort=bestsellers&enable_auto_suggestions=false&should_disable_rails=false&hide_filters=false&show_filters=true&oos_visibility=true&exclude_combos=false&disable_previous_buy_boosting=false&should_disable_listing=false&should_personalise=false&critical_entities_visibility=false&collection_group_name=Intimate+Wash+%26+Wipes&collection_name=Feminine+Hygiene
,,https://blinkit.com/dc/feminine-hygiene/hair-removal/?collection_uuid=OTg3NjU0MzIxMjM0NTMzNDA%3D&collection_group_id=12239&sort=bestsellers&enable_auto_suggestions=false&should_disable_rails=false&hide_filters=false&show_filters=true&oos_visibility=true&exclude_combos=false&disable_previous_buy_boosting=false&should_disable_listing=false&should_personalise=false&critical_entities_visibility=false&collection_group_name=Hair+Removal&collection_name=Feminine+Hygiene
,,https://blinkit.com/dc/feminine-hygiene/mom-care/?collection_uuid=OTg3NjU0MzIxMjM0NTMzNDA%3D&collection_group_id=11679&sort=bestsellers&enable_auto_suggestions=false&should_disable_rails=false&hide_filters=false&show_filters=true&oos_visibility=true&exclude_combos=false&disable_previous_buy_boosting=false&should_disable_listing=false&should_personalise=false&critical_entities_visibility=false&collection_group_name=Mom+Care&collection_name=Feminine+Hygiene
12,Baby Care,https://blinkit.com/dc/baby-care/diaper-wipes/?collection_uuid=OTg3NjU0MzIxMjM0NTMzMzk%3D&collection_group_id=46757
,,https://blinkit.com/dc/baby-care/baby-food/?collection_uuid=OTg3NjU0MzIxMjM0NTMzMzk%3D&collection_group_id=20667&sort=bestsellers&enable_auto_suggestions=false&should_disable_rails=false&hide_filters=false&show_filters=true&oos_visibility=true&exclude_combos=false&disable_previous_buy_boosting=false&should_disable_listing=false&should_personalise=false&critical_entities_visibility=false&collection_group_name=Baby+Food&collection_name=Baby+Care
,,https://blinkit.com/dc/baby-care/baby-shampoo-soaps/?collection_uuid=OTg3NjU0MzIxMjM0NTMzMzk%3D&collection_group_id=11683&sort=bestsellers&enable_auto_suggestions=false&should_disable_rails=false&hide_filters=false&show_filters=true&oos_visibility=true&exclude_combos=false&disable_previous_buy_boosting=false&should_disable_listing=false&should_personalise=false&critical_entities_visibility=false&collection_group_name=Baby+Shampoo+%26+Soaps&collection_name=Baby+Care
,,https://blinkit.com/dc/baby-care/skin-hair-care/?collection_uuid=OTg3NjU0MzIxMjM0NTMzMzk%3D&collection_group_id=11682&sort=bestsellers&enable_auto_suggestions=false&should_disable_rails=false&hide_filters=false&show_filters=true&oos_visibility=true&exclude_combos=false&disable_previous_buy_boosting=false&should_disable_listing=false&should_personalise=false&critical_entities_visibility=false&collection_group_name=Skin+%26+Hair+Care&collection_name=Baby+Care
,,https://blinkit.com/dc/baby-care/feeding-essentials/?collection_uuid=OTg3NjU0MzIxMjM0NTMzMzk%3D&collection_group_id=11686&sort=bestsellers&enable_auto_suggestions=false&should_disable_rails=false&hide_filters=false&show_filters=true&oos_visibility=true&exclude_combos=false&disable_previous_buy_boosting=false&should_disable_listing=false&should_personalise=false&critical_entities_visibility=false&collection_group_name=Feeding+Essentials&collection_name=Baby+Care
,,https://blinkit.com/dc/baby-care/clothes-accessories/?collection_uuid=OTg3NjU0MzIxMjM0NTMzMzk%3D&collection_group_id=46758&sort=bestsellers&enable_auto_suggestions=false&should_disable_rails=false&hide_filters=false&show_filters=true&oos_visibility=true&exclude_combos=false&disable_previous_buy_boosting=false&should_disable_listing=false&should_personalise=false&critical_entities_visibility=false&collection_group_name=Clothes+%26+Accessories&collection_name=Baby+Care
,,https://blinkit.com/dc/baby-care/health-hygiene/?collection_uuid=OTg3NjU0MzIxMjM0NTMzMzk%3D&collection_group_id=11687&sort=bestsellers&enable_auto_suggestions=false&should_disable_rails=false&hide_filters=false&show_filters=true&oos_visibility=true&exclude_combos=false&disable_previous_buy_boosting=false&should_disable_listing=false&should_personalise=false&critical_entities_visibility=false&collection_group_name=Health+%26++Hygiene&collection_name=Baby+Care
,,https://blinkit.com/dc/baby-care/baby-oral-care/?collection_uuid=OTg3NjU0MzIxMjM0NTMzMzk%3D&collection_group_id=11688&sort=bestsellers&enable_auto_suggestions=false&should_disable_rails=false&hide_filters=false&show_filters=true&oos_visibility=true&exclude_combos=false&disable_previous_buy_boosting=false&should_disable_listing=false&should_personalise=false&critical_entities_visibility=false&collection_group_name=Baby+Oral+Care&collection_name=Baby+Care
,,https://blinkit.com/dc/baby-care/baby-toys-gifts/?collection_uuid=OTg3NjU0MzIxMjM0NTMzMzk%3D&collection_group_id=11689&sort=bestsellers&enable_auto_suggestions=false&should_disable_rails=false&hide_filters=false&show_filters=true&oos_visibility=true&exclude_combos=false&disable_previous_buy_boosting=false&should_disable_listing=false&should_personalise=false&critical_entities_visibility=false&collection_group_name=Baby+Toys+%26+Gifts&collection_name=Baby+Care
,,https://blinkit.com/dc/baby-care/baby-gear/?collection_uuid=OTg3NjU0MzIxMjM0NTMzMzk%3D&collection_group_id=628097&enable_auto_suggestions=false&should_disable_rails=false&hide_filters=false&show_filters=true&oos_visibility=true&exclude_combos=false&disable_previous_buy_boosting=false&should_disable_listing=false&should_personalise=false&critical_entities_visibility=false&collection_group_name=Baby+Gear&collection_name=Baby+Care
,,https://blinkit.com/dc/baby-care/mom-care-needs/?collection_uuid=OTg3NjU0MzIxMjM0NTMzMzk%3D&collection_group_id=814811&enable_auto_suggestions=false&should_disable_rails=false&hide_filters=false&show_filters=true&oos_visibility=true&exclude_combos=false&disable_previous_buy_boosting=false&should_disable_listing=false&should_personalise=false&critical_entities_visibility=false&collection_group_name=Mom+Care+Needs&collection_name=Baby+Care
13,Health & Pharma,https://blinkit.com/dc/health-pharma/fever-pain-relief/?collection_uuid=OTg3NjU0MzIxMjM0NTMzMzI%3D&collection_group_id=532514
,,https://blinkit.com/dc/health-pharma/cough-cold-flu/?collection_uuid=OTg3NjU0MzIxMjM0NTMzMzI%3D&collection_group_id=556584&sort=bestsellers&enable_auto_suggestions=false&should_disable_rails=false&hide_filters=false&show_filters=true&oos_visibility=true&exclude_combos=false&disable_previous_buy_boosting=false&should_disable_listing=false&should_personalise=false&critical_entities_visibility=false&collection_group_name=Cough%2C+Cold+%26+Flu&collection_name=Health+%26+Pharma
,,https://blinkit.com/dc/health-pharma/masks-sanitizers/?collection_uuid=OTg3NjU0MzIxMjM0NTMzMzI%3D&collection_group_id=11698&sort=bestsellers&enable_auto_suggestions=false&should_disable_rails=false&hide_filters=false&show_filters=true&oos_visibility=true&exclude_combos=false&disable_previous_buy_boosting=false&should_disable_listing=false&should_personalise=false&critical_entities_visibility=false&collection_group_name=Masks+%26+Sanitizers&collection_name=Health+%26+Pharma
,,https://blinkit.com/dc/health-pharma/stomach-digestive-care/?collection_uuid=OTg3NjU0MzIxMjM0NTMzMzI%3D&collection_group_id=531928&sort=bestsellers&enable_auto_suggestions=false&should_disable_rails=false&hide_filters=false&show_filters=true&oos_visibility=true&exclude_combos=false&disable_previous_buy_boosting=false&should_disable_listing=false&should_personalise=false&critical_entities_visibility=false&collection_group_name=Stomach+%26+Digestive+Care&collection_name=Health+%26+Pharma
,,https://blinkit.com/dc/health-pharma/protein-supplements/?collection_uuid=OTg3NjU0MzIxMjM0NTMzMzI%3D&collection_group_id=11695&sort=bestsellers&enable_auto_suggestions=false&should_disable_rails=false&hide_filters=false&show_filters=true&oos_visibility=true&exclude_combos=false&disable_previous_buy_boosting=false&should_disable_listing=false&should_personalise=false&critical_entities_visibility=false&collection_group_name=Protein+Supplements&collection_name=Health+%26+Pharma
,,https://blinkit.com/dc/health-pharma/vitamins-supplements/?collection_uuid=OTg3NjU0MzIxMjM0NTMzMzI%3D&collection_group_id=11694&sort=bestsellers&enable_auto_suggestions=false&should_disable_rails=false&hide_filters=false&show_filters=true&oos_visibility=true&exclude_combos=false&disable_previous_buy_boosting=false&should_disable_listing=false&should_personalise=false&critical_entities_visibility=false&collection_group_name=Vitamins+%26+Supplements&collection_name=Health+%26+Pharma
,,https://blinkit.com/dc/health-pharma/bandaid-wound-care/?collection_uuid=OTg3NjU0MzIxMjM0NTMzMzI%3D&collection_group_id=534549&sort=bestsellers&enable_auto_suggestions=false&should_disable_rails=false&hide_filters=false&show_filters=true&oos_visibility=true&exclude_combos=false&disable_previous_buy_boosting=false&should_disable_listing=false&should_personalise=false&critical_entities_visibility=false&collection_group_name=Bandaid+%26+Wound+Care&collection_name=Health+%26+Pharma
,,https://blinkit.com/dc/health-pharma/oral-care/?collection_uuid=OTg3NjU0MzIxMjM0NTMzMzI%3D&collection_group_id=556595&sort=bestsellers&enable_auto_suggestions=false&should_disable_rails=false&hide_filters=false&show_filters=true&oos_visibility=true&exclude_combos=false&disable_previous_buy_boosting=false&should_disable_listing=false&should_personalise=false&critical_entities_visibility=false&collection_group_name=Oral+Care&collection_name=Health+%26+Pharma
,,https://blinkit.com/dc/health-pharma/health-wellness-e-cards/?collection_uuid=OTg3NjU0MzIxMjM0NTMzMzI%3D&collection_group_id=128505&enable_auto_suggestions=false&should_disable_rails=false&hide_filters=false&show_filters=true&oos_visibility=true&exclude_combos=false&disable_previous_buy_boosting=false&should_disable_listing=false&should_personalise=false&critical_entities_visibility=false&collection_group_name=Health+%26+Wellness+E-Cards&collection_name=Health+%26+Pharma
14,"Atta, Rice & Dal",https://blinkit.com/dc/atta-rice-dal/atta/?collection_uuid=OTg3NjU0MzIxMjM0NTMzNjk%3D&collection_group_id=16426
,,https://blinkit.com/dc/atta-rice-dal/rice/?collection_uuid=OTg3NjU0MzIxMjM0NTMzNjk%3D&collection_group_id=41521&sort=bestsellers&enable_auto_suggestions=false&should_disable_rails=false&hide_filters=false&show_filters=true&oos_visibility=true&exclude_combos=false&disable_previous_buy_boosting=false&should_disable_listing=false&should_personalise=false&critical_entities_visibility=false&collection_group_name=Rice&collection_name=Atta%2C+Rice+%26+Dal
,,https://blinkit.com/dc/atta-rice-dal/dal/?collection_uuid=OTg3NjU0MzIxMjM0NTMzNjk%3D&collection_group_id=16423&sort=bestsellers&enable_auto_suggestions=false&should_disable_rails=false&hide_filters=false&show_filters=true&oos_visibility=true&exclude_combos=false&disable_previous_buy_boosting=false&should_disable_listing=false&should_personalise=false&critical_entities_visibility=false&collection_group_name=Dal&collection_name=Atta%2C+Rice+%26+Dal
,,https://blinkit.com/dc/atta-rice-dal/besan-sooji-maida/?collection_uuid=OTg3NjU0MzIxMjM0NTMzNjk%3D&collection_group_id=16430&sort=bestsellers&enable_auto_suggestions=false&should_disable_rails=false&hide_filters=false&show_filters=true&oos_visibility=true&exclude_combos=false&disable_previous_buy_boosting=false&should_disable_listing=false&should_personalise=false&critical_entities_visibility=false&collection_group_name=Besan%2C+Sooji+%26+Maida&collection_name=Atta%2C+Rice+%26+Dal
,,https://blinkit.com/dc/atta-rice-dal/rajma-chhole-others/?collection_uuid=OTg3NjU0MzIxMjM0NTMzNjk%3D&collection_group_id=16425&sort=bestsellers&enable_auto_suggestions=false&should_disable_rails=false&hide_filters=false&show_filters=true&oos_visibility=true&exclude_combos=false&disable_previous_buy_boosting=false&should_disable_listing=false&should_personalise=false&critical_entities_visibility=false&collection_group_name=Rajma%2C+Chhole+%26+Others&collection_name=Atta%2C+Rice+%26+Dal
,,https://blinkit.com/dc/atta-rice-dal/millet-other-flours/?collection_uuid=OTg3NjU0MzIxMjM0NTMzNjk%3D&collection_group_id=874060&sort=bestsellers&enable_auto_suggestions=false&should_disable_rails=false&hide_filters=false&show_filters=true&oos_visibility=true&exclude_combos=false&disable_previous_buy_boosting=false&should_disable_listing=false&should_personalise=false&critical_entities_visibility=false&collection_group_name=Millet+%26+Other+Flours&collection_name=Atta%2C+Rice+%26+Dal
,,https://blinkit.com/dc/atta-rice-dal/organic/?collection_uuid=OTg3NjU0MzIxMjM0NTMzNjk%3D&collection_group_id=16427&sort=bestsellers&enable_auto_suggestions=false&should_disable_rails=false&hide_filters=false&show_filters=true&oos_visibility=true&exclude_combos=false&disable_previous_buy_boosting=false&should_disable_listing=false&should_personalise=false&critical_entities_visibility=false&collection_group_name=Organic&collection_name=Atta%2C+Rice+%26+Dal
,,https://blinkit.com/dc/atta-rice-dal/poha-daliya-other-grains/?collection_uuid=OTg3NjU0MzIxMjM0NTMzNjk%3D&collection_group_id=31475&sort=bestsellers&enable_auto_suggestions=false&should_disable_rails=false&hide_filters=false&show_filters=true&oos_visibility=true&exclude_combos=false&disable_previous_buy_boosting=false&should_disable_listing=false&should_personalise=false&critical_entities_visibility=false&collection_group_name=Poha%2C+Daliya+%26+Other+Grains&collection_name=Atta%2C+Rice+%26+Dal
15,"Oil, Ghee & Masala",https://blinkit.com/dc/oil-ghee-masala/oil/?collection_uuid=OTg3NjU0MzIxMjM0NTMzNTY%3D&collection_group_id=18687
,,https://blinkit.com/dc/oil-ghee-masala/desi-ghee/?collection_uuid=OTg3NjU0MzIxMjM0NTMzNTY%3D&collection_group_id=11585&sort=bestsellers&enable_auto_suggestions=false&should_disable_rails=false&hide_filters=false&show_filters=true&oos_visibility=true&exclude_combos=false&disable_previous_buy_boosting=false&should_disable_listing=false&should_personalise=false&critical_entities_visibility=false&collection_group_name=Desi+Ghee&collection_name=Oil%2C+Ghee+%26+Masala
,,https://blinkit.com/dc/oil-ghee-masala/cow-ghee/?collection_uuid=OTg3NjU0MzIxMjM0NTMzNTY%3D&collection_group_id=92942&sort=bestsellers&enable_auto_suggestions=false&should_disable_rails=false&hide_filters=false&show_filters=true&oos_visibility=true&exclude_combos=false&disable_previous_buy_boosting=false&should_disable_listing=false&should_personalise=false&critical_entities_visibility=false&collection_group_name=Cow+Ghee&collection_name=Oil%2C+Ghee+%26+Masala
,,https://blinkit.com/dc/oil-ghee-masala/powdered-spices/?collection_uuid=OTg3NjU0MzIxMjM0NTMzNTY%3D&collection_group_id=16433&sort=bestsellers&enable_auto_suggestions=false&should_disable_rails=false&hide_filters=false&show_filters=true&oos_visibility=true&exclude_combos=false&disable_previous_buy_boosting=false&should_disable_listing=false&should_personalise=false&critical_entities_visibility=false&collection_group_name=Powdered+Spices&collection_name=Oil%2C+Ghee+%26+Masala
,,https://blinkit.com/dc/oil-ghee-masala/non-veg-spices/?collection_uuid=OTg3NjU0MzIxMjM0NTMzNTY%3D&collection_group_id=880385&enable_auto_suggestions=false&should_disable_rails=false&hide_filters=false&show_filters=true&oos_visibility=true&exclude_combos=false&disable_previous_buy_boosting=false&should_disable_listing=false&should_personalise=false&critical_entities_visibility=false&collection_group_name=Non+Veg+Spices&collection_name=Oil%2C+Ghee+%26+Masala
,,https://blinkit.com/dc/oil-ghee-masala/salt-sugar-jaggery/?collection_uuid=OTg3NjU0MzIxMjM0NTMzNTY%3D&collection_group_id=11582&sort=bestsellers&enable_auto_suggestions=false&should_disable_rails=false&hide_filters=false&show_filters=true&oos_visibility=true&exclude_combos=false&disable_previous_buy_boosting=false&should_disable_listing=false&should_personalise=false&critical_entities_visibility=false&collection_group_name=Salt%2C+Sugar+%26+Jaggery&collection_name=Oil%2C+Ghee+%26+Masala
,,https://blinkit.com/dc/oil-ghee-masala/whole-spices/?collection_uuid=OTg3NjU0MzIxMjM0NTMzNTY%3D&collection_group_id=17743&sort=bestsellers&enable_auto_suggestions=false&should_disable_rails=false&hide_filters=false&show_filters=true&oos_visibility=true&exclude_combos=false&disable_previous_buy_boosting=false&should_disable_listing=false&should_personalise=false&critical_entities_visibility=false&collection_group_name=Whole+Spices&collection_name=Oil%2C+Ghee+%26+Masala
,,https://blinkit.com/dc/oil-ghee-masala/gravy-mixes-pastes/?collection_uuid=OTg3NjU0MzIxMjM0NTMzNTY%3D&collection_group_id=895753&enable_auto_suggestions=false&should_disable_rails=false&hide_filters=false&show_filters=true&oos_visibility=true&exclude_combos=false&disable_previous_buy_boosting=false&should_disable_listing=false&should_personalise=false&critical_entities_visibility=false&collection_group_name=Gravy+Mixes+%26+Pastes&collection_name=Oil%2C+Ghee+%26+Masala
,,https://blinkit.com/dc/oil-ghee-masala/herbs-seasoning/?collection_uuid=OTg3NjU0MzIxMjM0NTMzNTY%3D&collection_group_id=16419&sort=bestsellers&enable_auto_suggestions=false&should_disable_rails=false&hide_filters=false&show_filters=true&oos_visibility=true&exclude_combos=false&disable_previous_buy_boosting=false&should_disable_listing=false&should_personalise=false&critical_entities_visibility=false&collection_group_name=Herbs+%26+Seasoning&collection_name=Oil%2C+Ghee+%26+Masala
,,https://blinkit.com/dc/oil-ghee-masala/organic/?collection_uuid=OTg3NjU0MzIxMjM0NTMzNTY%3D&collection_group_id=11590&sort=bestsellers&enable_auto_suggestions=false&should_disable_rails=false&hide_filters=false&show_filters=true&oos_visibility=true&exclude_combos=false&disable_previous_buy_boosting=false&should_disable_listing=false&should_personalise=false&critical_entities_visibility=false&collection_group_name=Organic&collection_name=Oil%2C+Ghee+%26+Masala
16,"Dairy, Bread & Eggs",https://blinkit.com/dc/dairy-bread-eggs/milk/?collection_uuid=OTg3NjU0MzIxMjM0NTMzNTU%3D&collection_group_id=11591
,,https://blinkit.com/dc/dairy-bread-eggs/bread-pav/?collection_uuid=OTg3NjU0MzIxMjM0NTMzNTU%3D&collection_group_id=11592&sort=bestsellers&enable_auto_suggestions=false&should_disable_rails=false&hide_filters=false&show_filters=true&oos_visibility=true&exclude_combos=false&disable_previous_buy_boosting=false&should_disable_listing=false&should_personalise=false&critical_entities_visibility=false&collection_group_name=Bread+%26+Pav&collection_name=Dairy%2C+Bread+%26+Eggs
,,https://blinkit.com/dc/dairy-bread-eggs/eggs/?collection_uuid=OTg3NjU0MzIxMjM0NTMzNTU%3D&collection_group_id=11595&sort=bestsellers&enable_auto_suggestions=false&should_disable_rails=false&hide_filters=false&show_filters=true&oos_visibility=true&exclude_combos=false&disable_previous_buy_boosting=false&should_disable_listing=false&should_personalise=false&critical_entities_visibility=false&collection_group_name=Eggs&collection_name=Dairy%2C+Bread+%26+Eggs
,,https://blinkit.com/dc/dairy-bread-eggs/curd-yogurt/?collection_uuid=OTg3NjU0MzIxMjM0NTMzNTU%3D&collection_group_id=11593&sort=bestsellers&enable_auto_suggestions=false&should_disable_rails=false&hide_filters=false&show_filters=true&oos_visibility=true&exclude_combos=false&disable_previous_buy_boosting=false&should_disable_listing=false&should_personalise=false&critical_entities_visibility=false&collection_group_name=Curd+%26+Yogurt&collection_name=Dairy%2C+Bread+%26+Eggs
,,https://blinkit.com/dc/dairy-bread-eggs/cheese-butter/?collection_uuid=OTg3NjU0MzIxMjM0NTMzNTU%3D&collection_group_id=17124&sort=bestsellers&enable_auto_suggestions=false&should_disable_rails=false&hide_filters=false&show_filters=true&oos_visibility=true&exclude_combos=false&disable_previous_buy_boosting=false&should_disable_listing=false&should_personalise=false&critical_entities_visibility=false&collection_group_name=Cheese+%26+Butter&collection_name=Dairy%2C+Bread+%26+Eggs
,,https://blinkit.com/dc/dairy-bread-eggs/batter/?collection_uuid=OTg3NjU0MzIxMjM0NTMzNTU%3D&collection_group_id=109735&sort=bestsellers&enable_auto_suggestions=false&should_disable_rails=false&hide_filters=false&show_filters=true&oos_visibility=true&exclude_combos=false&disable_previous_buy_boosting=false&should_disable_listing=false&should_personalise=false&critical_entities_visibility=false&collection_group_name=Batter&collection_name=Dairy%2C+Bread+%26+Eggs
,,https://blinkit.com/dc/dairy-bread-eggs/paneer-tofu/?collection_uuid=OTg3NjU0MzIxMjM0NTMzNTU%3D&collection_group_id=11596&sort=bestsellers&enable_auto_suggestions=false&should_disable_rails=false&hide_filters=false&show_filters=true&oos_visibility=true&exclude_combos=false&disable_previous_buy_boosting=false&should_disable_listing=false&should_personalise=false&critical_entities_visibility=false&collection_group_name=Paneer+%26+Tofu&collection_name=Dairy%2C+Bread+%26+Eggs
,,https://blinkit.com/dc/dairy-bread-eggs/soy-milk-more/?collection_uuid=OTg3NjU0MzIxMjM0NTMzNTU%3D&collection_group_id=183969&sort=bestsellers&enable_auto_suggestions=false&should_disable_rails=false&hide_filters=false&show_filters=true&oos_visibility=true&exclude_combos=false&disable_previous_buy_boosting=false&should_disable_listing=false&should_personalise=false&critical_entities_visibility=false&collection_group_name=Soy+Milk+%26+More&collection_name=Dairy%2C+Bread+%26+Eggs
,,https://blinkit.com/dc/dairy-bread-eggs/lassi-milkshakes/?collection_uuid=OTg3NjU0MzIxMjM0NTMzNTU%3D&collection_group_id=11594&sort=bestsellers&enable_auto_suggestions=false&should_disable_rails=false&hide_filters=false&show_filters=true&oos_visibility=true&exclude_combos=false&disable_previous_buy_boosting=false&should_disable_listing=false&should_personalise=false&critical_entities_visibility=false&collection_group_name=Lassi+%26+Milkshakes&collection_name=Dairy%2C+Bread+%26+Eggs
,,https://blinkit.com/dc/dairy-bread-eggs/cream-whitener/?collection_uuid=OTg3NjU0MzIxMjM0NTMzNTU%3D&collection_group_id=11598&sort=bestsellers&enable_auto_suggestions=false&should_disable_rails=false&hide_filters=false&show_filters=true&oos_visibility=true&exclude_combos=false&disable_previous_buy_boosting=false&should_disable_listing=false&should_personalise=false&critical_entities_visibility=false&collection_group_name=Cream+%26+Whitener&collection_name=Dairy%2C+Bread+%26+Eggs
17,Bakery & Biscuits,https://blinkit.com/dc/bakery-biscuits/cookies/?collection_uuid=OTg3NjU0MzIxMjM0NTMzNTQ%3D&collection_group_id=11527
,,https://blinkit.com/dc/bakery-biscuits/healthy-digestive/?collection_uuid=OTg3NjU0MzIxMjM0NTMzNTQ%3D&collection_group_id=11530&sort=bestsellers&enable_auto_suggestions=false&should_disable_rails=false&hide_filters=false&show_filters=true&oos_visibility=true&exclude_combos=false&disable_previous_buy_boosting=false&should_disable_listing=false&should_personalise=false&critical_entities_visibility=false&collection_group_name=Healthy+%26+Digestive&collection_name=Bakery+%26+Biscuits
,,https://blinkit.com/dc/bakery-biscuits/cream-biscuits/?collection_uuid=OTg3NjU0MzIxMjM0NTMzNTQ%3D&collection_group_id=11528&sort=bestsellers&enable_auto_suggestions=false&should_disable_rails=false&hide_filters=false&show_filters=true&oos_visibility=true&exclude_combos=false&disable_previous_buy_boosting=false&should_disable_listing=false&should_personalise=false&critical_entities_visibility=false&collection_group_name=Cream+Biscuits&collection_name=Bakery+%26+Biscuits
,,https://blinkit.com/dc/bakery-biscuits/sweet-salty/?collection_uuid=OTg3NjU0MzIxMjM0NTMzNTQ%3D&collection_group_id=11531&sort=bestsellers&enable_auto_suggestions=false&should_disable_rails=false&hide_filters=false&show_filters=true&oos_visibility=true&exclude_combos=false&disable_previous_buy_boosting=false&should_disable_listing=false&should_personalise=false&critical_entities_visibility=false&collection_group_name=Sweet+%26+Salty&collection_name=Bakery+%26+Biscuits
,,https://blinkit.com/dc/bakery-biscuits/glucose-marie/?collection_uuid=OTg3NjU0MzIxMjM0NTMzNTQ%3D&collection_group_id=12726&sort=bestsellers&enable_auto_suggestions=false&should_disable_rails=false&hide_filters=false&show_filters=true&oos_visibility=true&exclude_combos=false&disable_previous_buy_boosting=false&should_disable_listing=false&should_personalise=false&critical_entities_visibility=false&collection_group_name=Glucose+%26+Marie&collection_name=Bakery+%26+Biscuits
,,https://blinkit.com/dc/bakery-biscuits/rusks-wafers/?collection_uuid=OTg3NjU0MzIxMjM0NTMzNTQ%3D&collection_group_id=12732&sort=bestsellers&enable_auto_suggestions=false&should_disable_rails=false&hide_filters=false&show_filters=true&oos_visibility=true&exclude_combos=false&disable_previous_buy_boosting=false&should_disable_listing=false&should_personalise=false&critical_entities_visibility=false&collection_group_name=Rusks+%26+Wafers&collection_name=Bakery+%26+Biscuits
,,https://blinkit.com/dc/bakery-biscuits/cakes-rolls/?collection_uuid=OTg3NjU0MzIxMjM0NTMzNTQ%3D&collection_group_id=11529&sort=bestsellers&enable_auto_suggestions=false&should_disable_rails=false&hide_filters=false&show_filters=true&oos_visibility=true&exclude_combos=false&disable_previous_buy_boosting=false&should_disable_listing=false&should_personalise=false&critical_entities_visibility=false&collection_group_name=Cakes+%26+Rolls&collection_name=Bakery+%26+Biscuits
,,https://blinkit.com/dc/bakery-biscuits/baking-ingredients/?collection_uuid=OTg3NjU0MzIxMjM0NTMzNTQ%3D&collection_group_id=11532&sort=bestsellers&enable_auto_suggestions=false&should_disable_rails=false&hide_filters=false&show_filters=true&oos_visibility=true&exclude_combos=false&disable_previous_buy_boosting=false&should_disable_listing=false&should_personalise=false&critical_entities_visibility=false&collection_group_name=Baking+Ingredients&collection_name=Bakery+%26+Biscuits
,,https://blinkit.com/dc/bakery-biscuits/gourmet-bakery/?collection_uuid=OTg3NjU0MzIxMjM0NTMzNTQ%3D&collection_group_id=11534&sort=bestsellers&enable_auto_suggestions=false&should_disable_rails=false&hide_filters=false&show_filters=true&oos_visibility=true&exclude_combos=false&disable_previous_buy_boosting=false&should_disable_listing=false&should_personalise=false&critical_entities_visibility=false&collection_group_name=Gourmet+Bakery&collection_name=Bakery+%26+Biscuits
,,https://blinkit.com/dc/bakery-biscuits/biscuit-gift-pack/?collection_uuid=OTg3NjU0MzIxMjM0NTMzNTQ%3D&collection_group_id=18679&sort=bestsellers&enable_auto_suggestions=false&should_disable_rails=false&hide_filters=false&show_filters=true&oos_visibility=true&exclude_combos=false&disable_previous_buy_boosting=false&should_disable_listing=false&should_personalise=false&critical_entities_visibility=false&collection_group_name=Biscuit+Gift+Pack&collection_name=Bakery+%26+Biscuits
18,Dry Fruits & Cereals,https://blinkit.com/dc/dry-fruits-cereals/dry-fruits/?collection_uuid=OTg3NjU0MzIxMjM0NTMzNTM%3D&collection_group_id=11599&sort=bestsellers&enable_auto_suggestions=false&should_disable_rails=false&hide_filters=false&show_filters=true&oos_visibility=true&exclude_combos=false&disable_previous_buy_boosting=false&should_disable_listing=false&should_personalise=false&critical_entities_visibility=false&collection_group_name=Dry+Fruits&collection_name=Dry+Fruits+%26+Cereals
,,https://blinkit.com/dc/dry-fruits-cereals/dry-fruits-snacks/?collection_uuid=OTg3NjU0MzIxMjM0NTMzNTM%3D&collection_group_id=11600&sort=bestsellers&enable_auto_suggestions=false&should_disable_rails=false&hide_filters=false&show_filters=true&oos_visibility=true&exclude_combos=false&disable_previous_buy_boosting=false&should_disable_listing=false&should_personalise=false&critical_entities_visibility=false&collection_group_name=Dry+Fruits+Snacks&collection_name=Dry+Fruits+%26+Cereals
,,https://blinkit.com/dc/dry-fruits-cereals/corn-flakes-kids-cereals/?collection_uuid=OTg3NjU0MzIxMjM0NTMzNTM%3D&collection_group_id=11601&sort=bestsellers&enable_auto_suggestions=false&should_disable_rails=false&hide_filters=false&show_filters=true&oos_visibility=true&exclude_combos=false&disable_previous_buy_boosting=false&should_disable_listing=false&should_personalise=false&critical_entities_visibility=false&collection_group_name=Corn+Flakes+%26+Kids+Cereals&collection_name=Dry+Fruits+%26+Cereals
,,https://blinkit.com/dc/dry-fruits-cereals/muesli-granola/?collection_uuid=OTg3NjU0MzIxMjM0NTMzNTM%3D&collection_group_id=11602&sort=bestsellers&enable_auto_suggestions=false&should_disable_rails=false&hide_filters=false&show_filters=true&oos_visibility=true&exclude_combos=false&disable_previous_buy_boosting=false&should_disable_listing=false&should_personalise=false&critical_entities_visibility=false&collection_group_name=Muesli+%26+Granola&collection_name=Dry+Fruits+%26+Cereals
,,https://blinkit.com/dc/dry-fruits-cereals/oats-daliya/?collection_uuid=OTg3NjU0MzIxMjM0NTMzNTM%3D&collection_group_id=11603&sort=bestsellers&enable_auto_suggestions=false&should_disable_rails=false&hide_filters=false&show_filters=true&oos_visibility=true&exclude_combos=false&disable_previous_buy_boosting=false&should_disable_listing=false&should_personalise=false&critical_entities_visibility=false&collection_group_name=Oats+%26+Daliya&collection_name=Dry+Fruits+%26+Cereals
,,https://blinkit.com/dc/dry-fruits-cereals/dates/?collection_uuid=OTg3NjU0MzIxMjM0NTMzNTM%3D&collection_group_id=892781&sort=bestsellers&enable_auto_suggestions=false&should_disable_rails=false&hide_filters=false&show_filters=true&oos_visibility=true&exclude_combos=false&disable_previous_buy_boosting=false&should_disable_listing=false&should_personalise=false&critical_entities_visibility=false&collection_group_name=Dates&collection_name=Dry+Fruits+%26+Cereals
,,https://blinkit.com/dc/dry-fruits-cereals/seeds/?collection_uuid=OTg3NjU0MzIxMjM0NTMzNTM%3D&collection_group_id=892782&sort=bestsellers&enable_auto_suggestions=false&should_disable_rails=false&hide_filters=false&show_filters=true&oos_visibility=true&exclude_combos=false&disable_previous_buy_boosting=false&should_disable_listing=false&should_personalise=false&critical_entities_visibility=false&collection_group_name=Seeds&collection_name=Dry+Fruits+%26+Cereals
,,https://blinkit.com/dc/dry-fruits-cereals/vermicelli-poha/?collection_uuid=OTg3NjU0MzIxMjM0NTMzNTM%3D&collection_group_id=11606&sort=bestsellers&enable_auto_suggestions=false&should_disable_rails=false&hide_filters=false&show_filters=true&oos_visibility=true&exclude_combos=false&disable_previous_buy_boosting=false&should_disable_listing=false&should_personalise=false&critical_entities_visibility=false&collection_group_name=Vermicelli+%26+Poha&collection_name=Dry+Fruits+%26+Cereals
,,https://blinkit.com/dc/dry-fruits-cereals/organic-premium/?collection_uuid=OTg3NjU0MzIxMjM0NTMzNTM%3D&collection_group_id=11605&sort=bestsellers&enable_auto_suggestions=false&should_disable_rails=false&hide_filters=false&show_filters=true&oos_visibility=true&exclude_combos=false&disable_previous_buy_boosting=false&should_disable_listing=false&should_personalise=false&critical_entities_visibility=false&collection_group_name=Organic+%26+Premium&collection_name=Dry+Fruits+%26+Cereals
,,https://blinkit.com/dc/dry-fruits-cereals/dry-fruit-gift-packs/?collection_uuid=OTg3NjU0MzIxMjM0NTMzNTM%3D&collection_group_id=12734&sort=bestsellers&enable_auto_suggestions=false&should_disable_rails=false&hide_filters=false&show_filters=true&oos_visibility=true&exclude_combos=false&disable_previous_buy_boosting=false&should_disable_listing=false&should_personalise=false&critical_entities_visibility=false&collection_group_name=Dry+Fruit+Gift+Packs&collection_name=Dry+Fruits+%26+Cereals
19,"Chicken, Meat & Fish",https://blinkit.com/dc/chicken-meat-fish/chicken/?collection_uuid=OTg3NjU0MzIxMjM0NTMzNTI%3D&collection_group_id=11537
,,https://blinkit.com/dc/chicken-meat-fish/fresh-meat/?collection_uuid=OTg3NjU0MzIxMjM0NTMzNTI%3D&collection_group_id=24161&sort=bestsellers&enable_auto_suggestions=false&should_disable_rails=false&hide_filters=false&show_filters=true&oos_visibility=true&exclude_combos=false&disable_previous_buy_boosting=false&should_disable_listing=false&should_personalise=false&critical_entities_visibility=false&collection_group_name=Fresh+Meat&collection_name=Chicken%2C+Meat+%26+Fish
,,https://blinkit.com/dc/chicken-meat-fish/fish-seafood/?collection_uuid=OTg3NjU0MzIxMjM0NTMzNTI%3D&collection_group_id=11540&sort=bestsellers&enable_auto_suggestions=false&should_disable_rails=false&hide_filters=false&show_filters=true&oos_visibility=true&exclude_combos=false&disable_previous_buy_boosting=false&should_disable_listing=false&should_personalise=false&critical_entities_visibility=false&collection_group_name=Fish+%26+Seafood&collection_name=Chicken%2C+Meat+%26+Fish
,,https://blinkit.com/dc/chicken-meat-fish/mutton/?collection_uuid=OTg3NjU0MzIxMjM0NTMzNTI%3D&collection_group_id=11543&sort=bestsellers&enable_auto_suggestions=false&should_disable_rails=false&hide_filters=false&show_filters=true&oos_visibility=true&exclude_combos=false&disable_previous_buy_boosting=false&should_disable_listing=false&should_personalise=false&critical_entities_visibility=false&collection_group_name=Mutton&collection_name=Chicken%2C+Meat+%26+Fish
,,https://blinkit.com/dc/chicken-meat-fish/frozen-non-veg-snacks/?collection_uuid=OTg3NjU0MzIxMjM0NTMzNTI%3D&collection_group_id=497533&sort=bestsellers&enable_auto_suggestions=false&should_disable_rails=false&hide_filters=false&show_filters=true&oos_visibility=true&exclude_combos=false&disable_previous_buy_boosting=false&should_disable_listing=false&should_personalise=false&critical_entities_visibility=false&collection_group_name=Frozen+Non-Veg+Snacks&collection_name=Chicken%2C+Meat+%26+Fish
,,https://blinkit.com/dc/chicken-meat-fish/non-veg-spices/?collection_uuid=OTg3NjU0MzIxMjM0NTMzNTI%3D&collection_group_id=880650&sort=bestsellers&enable_auto_suggestions=false&should_disable_rails=false&hide_filters=false&show_filters=true&oos_visibility=true&exclude_combos=false&disable_previous_buy_boosting=false&should_disable_listing=false&should_personalise=false&critical_entities_visibility=false&collection_group_name=Non+Veg+Spices&collection_name=Chicken%2C+Meat+%26+Fish
,,https://blinkit.com/dc/chicken-meat-fish/sausage-salami-ham/?collection_uuid=OTg3NjU0MzIxMjM0NTMzNTI%3D&collection_group_id=11538&sort=bestsellers&enable_auto_suggestions=false&should_disable_rails=false&hide_filters=false&show_filters=true&oos_visibility=true&exclude_combos=false&disable_previous_buy_boosting=false&should_disable_listing=false&should_personalise=false&critical_entities_visibility=false&collection_group_name=Sausage%2C+Salami+%26+Ham&collection_name=Chicken%2C+Meat+%26+Fish
,,https://blinkit.com/dc/chicken-meat-fish/plant-based-meat/?collection_uuid=OTg3NjU0MzIxMjM0NTMzNTI%3D&collection_group_id=11542&sort=bestsellers&enable_auto_suggestions=false&should_disable_rails=false&hide_filters=false&show_filters=true&oos_visibility=true&exclude_combos=false&disable_previous_buy_boosting=false&should_disable_listing=false&should_personalise=false&critical_entities_visibility=false&collection_group_name=Plant+Based+Meat&collection_name=Chicken%2C+Meat+%26+Fish
,,https://blinkit.com/dc/chicken-meat-fish/plant-based-meat/?collection_uuid=OTg3NjU0MzIxMjM0NTMzNTI%3D&collection_group_id=11542&sort=bestsellers&enable_auto_suggestions=false&should_disable_rails=false&hide_filters=false&show_filters=true&oos_visibility=true&exclude_combos=false&disable_previous_buy_boosting=false&should_disable_listing=false&should_personalise=false&critical_entities_visibility=false&collection_group_name=Plant+Based+Meat&collection_name=Chicken%2C+Meat+%26+Fish
20,Chips & Namkeen,https://blinkit.com/dc/chips-namkeen/chips-wafers/?collection_uuid=OTg3NjU0MzIxMjM0NTMzNjg%3D&collection_group_id=11402
,,https://blinkit.com/dc/chips-namkeen/namkeen-snacks/?collection_uuid=OTg3NjU0MzIxMjM0NTMzNjg%3D&collection_group_id=11404&sort=bestsellers&enable_auto_suggestions=false&should_disable_rails=false&hide_filters=false&show_filters=true&oos_visibility=true&exclude_combos=false&disable_previous_buy_boosting=false&should_disable_listing=false&should_personalise=false&critical_entities_visibility=false&collection_group_name=Namkeen+Snacks&collection_name=Chips+%26+Namkeen
,,https://blinkit.com/dc/chips-namkeen/bhujia-mixtures/?collection_uuid=OTg3NjU0MzIxMjM0NTMzNjg%3D&collection_group_id=11405&sort=bestsellers&enable_auto_suggestions=false&should_disable_rails=false&hide_filters=false&show_filters=true&oos_visibility=true&exclude_combos=false&disable_previous_buy_boosting=false&should_disable_listing=false&should_personalise=false&critical_entities_visibility=false&collection_group_name=Bhujia+%26+Mixtures&collection_name=Chips+%26+Namkeen
,,https://blinkit.com/dc/chips-namkeen/nachos/?collection_uuid=OTg3NjU0MzIxMjM0NTMzNjg%3D&collection_group_id=11407&sort=bestsellers&enable_auto_suggestions=false&should_disable_rails=false&hide_filters=false&show_filters=true&oos_visibility=true&exclude_combos=false&disable_previous_buy_boosting=false&should_disable_listing=false&should_personalise=false&critical_entities_visibility=false&collection_group_name=Nachos&collection_name=Chips+%26+Namkeen
,,https://blinkit.com/dc/chips-namkeen/healthy-snacks/?collection_uuid=OTg3NjU0MzIxMjM0NTMzNjg%3D&collection_group_id=11403&sort=bestsellers&enable_auto_suggestions=false&should_disable_rails=false&hide_filters=false&show_filters=true&oos_visibility=true&exclude_combos=false&disable_previous_buy_boosting=false&should_disable_listing=false&should_personalise=false&critical_entities_visibility=false&collection_group_name=Healthy+Snacks&collection_name=Chips+%26+Namkeen
,,https://blinkit.com/dc/chips-namkeen/popcorn/?collection_uuid=OTg3NjU0MzIxMjM0NTMzNjg%3D&collection_group_id=11406&sort=bestsellers&enable_auto_suggestions=false&should_disable_rails=false&hide_filters=false&show_filters=true&oos_visibility=true&exclude_combos=false&disable_previous_buy_boosting=false&should_disable_listing=false&should_personalise=false&critical_entities_visibility=false&collection_group_name=Popcorn&collection_name=Chips+%26+Namkeen
,,https://blinkit.com/dc/chips-namkeen/papad-fryums/?collection_uuid=OTg3NjU0MzIxMjM0NTMzNjg%3D&collection_group_id=11408&sort=bestsellers&enable_auto_suggestions=false&should_disable_rails=false&hide_filters=false&show_filters=true&oos_visibility=true&exclude_combos=false&disable_previous_buy_boosting=false&should_disable_listing=false&should_personalise=false&critical_entities_visibility=false&collection_group_name=Papad+%26+Fryums&collection_name=Chips+%26+Namkeen
,,https://blinkit.com/dc/chips-namkeen/gift-packs/?collection_uuid=OTg3NjU0MzIxMjM0NTMzNjg%3D&collection_group_id=11409&sort=bestsellers&enable_auto_suggestions=false&should_disable_rails=false&hide_filters=false&show_filters=true&oos_visibility=true&exclude_combos=false&disable_previous_buy_boosting=false&should_disable_listing=false&should_personalise=false&critical_entities_visibility=false&collection_group_name=Gift+Packs&collection_name=Chips+%26+Namkeen
,,https://blinkit.com/dc/chips-namkeen/premium/?collection_uuid=OTg3NjU0MzIxMjM0NTMzNjg%3D&collection_group_id=11410&sort=bestsellers&enable_auto_suggestions=false&should_disable_rails=false&hide_filters=false&show_filters=true&oos_visibility=true&exclude_combos=false&disable_previous_buy_boosting=false&should_disable_listing=false&should_personalise=false&critical_entities_visibility=false&collection_group_name=Premium&collection_name=Chips+%26+Namkeen
21,Sweets & Chocolates,https://blinkit.com/dc/sweets-chocolates/chocolates/?collection_uuid=OTg3NjU0MzIxMjM0NTMzNjc%3D&collection_group_id=11414
,,https://blinkit.com/dc/sweets-chocolates/chocolate-packs/?collection_uuid=OTg3NjU0MzIxMjM0NTMzNjc%3D&collection_group_id=11415&sort=bestsellers&enable_auto_suggestions=false&should_disable_rails=false&hide_filters=false&show_filters=true&oos_visibility=true&exclude_combos=false&disable_previous_buy_boosting=false&should_disable_listing=false&should_personalise=false&critical_entities_visibility=false&collection_group_name=Chocolate+Packs&collection_name=Sweets+%26+Chocolates
,,https://blinkit.com/dc/sweets-chocolates/chocolate-gift-pack/?collection_uuid=OTg3NjU0MzIxMjM0NTMzNjc%3D&collection_group_id=18681&sort=bestsellers&enable_auto_suggestions=false&should_disable_rails=false&hide_filters=false&show_filters=true&oos_visibility=true&exclude_combos=false&disable_previous_buy_boosting=false&should_disable_listing=false&should_personalise=false&critical_entities_visibility=false&collection_group_name=Chocolate+Gift+Pack&collection_name=Sweets+%26+Chocolates
,,https://blinkit.com/dc/sweets-chocolates/indian-sweets/?collection_uuid=OTg3NjU0MzIxMjM0NTMzNjc%3D&collection_group_id=11418&sort=bestsellers&enable_auto_suggestions=false&should_disable_rails=false&hide_filters=false&show_filters=true&oos_visibility=true&exclude_combos=false&disable_previous_buy_boosting=false&should_disable_listing=false&should_personalise=false&critical_entities_visibility=false&collection_group_name=Indian+Sweets&collection_name=Sweets+%26+Chocolates
,,https://blinkit.com/dc/sweets-chocolates/candies-gum/?collection_uuid=OTg3NjU0MzIxMjM0NTMzNjc%3D&collection_group_id=11417&sort=bestsellers&enable_auto_suggestions=false&should_disable_rails=false&hide_filters=false&show_filters=true&oos_visibility=true&exclude_combos=false&disable_previous_buy_boosting=false&should_disable_listing=false&should_personalise=false&critical_entities_visibility=false&collection_group_name=Candies+%26+Gum&collection_name=Sweets+%26+Chocolates
,,https://blinkit.com/dc/sweets-chocolates/premium/?collection_uuid=OTg3NjU0MzIxMjM0NTMzNjc%3D&collection_group_id=13640&sort=bestsellers&enable_auto_suggestions=false&should_disable_rails=false&hide_filters=false&show_filters=true&oos_visibility=true&exclude_combos=false&disable_previous_buy_boosting=false&should_disable_listing=false&should_personalise=false&critical_entities_visibility=false&collection_group_name=Premium&collection_name=Sweets+%26+Chocolates
,,https://blinkit.com/dc/sweets-chocolates/energy-bars/?collection_uuid=OTg3NjU0MzIxMjM0NTMzNjc%3D&collection_group_id=18685&sort=bestsellers&enable_auto_suggestions=false&should_disable_rails=false&hide_filters=false&show_filters=true&oos_visibility=true&exclude_combos=false&disable_previous_buy_boosting=false&should_disable_listing=false&should_personalise=false&critical_entities_visibility=false&collection_group_name=Energy+Bars&collection_name=Sweets+%26+Chocolates
,,https://blinkit.com/dc/sweets-chocolates/syrups/?collection_uuid=OTg3NjU0MzIxMjM0NTMzNjc%3D&collection_group_id=11419&sort=bestsellers&enable_auto_suggestions=false&should_disable_rails=false&hide_filters=false&show_filters=true&oos_visibility=true&exclude_combos=false&disable_previous_buy_boosting=false&should_disable_listing=false&should_personalise=false&critical_entities_visibility=false&collection_group_name=Syrups&collection_name=Sweets+%26+Chocolates
22,Drinks & Juices,https://blinkit.com/dc/drinks-juices/soft-drinks/?collection_uuid=OTg3NjU0MzIxMjM0NTMzNTE%3D&collection_group_id=11607
,,https://blinkit.com/dc/drinks-juices/fruit-juices/?collection_uuid=OTg3NjU0MzIxMjM0NTMzNTE%3D&collection_group_id=673755&sort=bestsellers&enable_auto_suggestions=false&should_disable_rails=false&hide_filters=false&show_filters=true&oos_visibility=true&exclude_combos=false&disable_previous_buy_boosting=false&should_disable_listing=false&should_personalise=false&critical_entities_visibility=false&collection_group_name=Fruit+Juices&collection_name=Drinks+%26+Juices
,,https://blinkit.com/dc/drinks-juices/zero-sugar-drinks/?collection_uuid=OTg3NjU0MzIxMjM0NTMzNTE%3D&collection_group_id=885907&sort=bestsellers&enable_auto_suggestions=false&should_disable_rails=false&hide_filters=false&show_filters=true&oos_visibility=true&exclude_combos=false&disable_previous_buy_boosting=false&should_disable_listing=false&should_personalise=false&critical_entities_visibility=false&collection_group_name=Zero+Sugar+Drinks&collection_name=Drinks+%26+Juices
,,https://blinkit.com/dc/drinks-juices/energy-drinks/?collection_uuid=OTg3NjU0MzIxMjM0NTMzNTE%3D&collection_group_id=14471&sort=bestsellers&enable_auto_suggestions=false&should_disable_rails=false&hide_filters=false&show_filters=true&oos_visibility=true&exclude_combos=false&disable_previous_buy_boosting=false&should_disable_listing=false&should_personalise=false&critical_entities_visibility=false&collection_group_name=Energy+Drinks&collection_name=Drinks+%26+Juices
,,https://blinkit.com/dc/drinks-juices/hydration-drinks/?collection_uuid=OTg3NjU0MzIxMjM0NTMzNTE%3D&collection_group_id=304488&sort=bestsellers&enable_auto_suggestions=false&should_disable_rails=false&hide_filters=false&show_filters=true&oos_visibility=true&exclude_combos=false&disable_previous_buy_boosting=false&should_disable_listing=false&should_personalise=false&critical_entities_visibility=false&collection_group_name=Hydration+Drinks&collection_name=Drinks+%26+Juices
,,https://blinkit.com/dc/drinks-juices/soda-mixers/?collection_uuid=OTg3NjU0MzIxMjM0NTMzNTE%3D&collection_group_id=11613&sort=bestsellers&enable_auto_suggestions=false&should_disable_rails=false&hide_filters=false&show_filters=true&oos_visibility=true&exclude_combos=false&disable_previous_buy_boosting=false&should_disable_listing=false&should_personalise=false&critical_entities_visibility=false&collection_group_name=Soda+%26+Mixers&collection_name=Drinks+%26+Juices
,,https://blinkit.com/dc/drinks-juices/water-ice-cubes/?collection_uuid=OTg3NjU0MzIxMjM0NTMzNTE%3D&collection_group_id=11615&sort=bestsellers&enable_auto_suggestions=false&should_disable_rails=false&hide_filters=false&show_filters=true&oos_visibility=true&exclude_combos=false&disable_previous_buy_boosting=false&should_disable_listing=false&should_personalise=false&critical_entities_visibility=false&collection_group_name=Water+%26+Ice+Cubes&collection_name=Drinks+%26+Juices
,,https://blinkit.com/dc/drinks-juices/mango-drinks/?collection_uuid=OTg3NjU0MzIxMjM0NTMzNTE%3D&collection_group_id=18673&sort=bestsellers&enable_auto_suggestions=false&should_disable_rails=false&hide_filters=false&show_filters=true&oos_visibility=true&exclude_combos=false&disable_previous_buy_boosting=false&should_disable_listing=false&should_personalise=false&critical_entities_visibility=false&collection_group_name=Mango+Drinks&collection_name=Drinks+%26+Juices
,,https://blinkit.com/dc/drinks-juices/soy-milk-more/?collection_uuid=OTg3NjU0MzIxMjM0NTMzNTE%3D&collection_group_id=17133&sort=bestsellers&enable_auto_suggestions=false&should_disable_rails=false&hide_filters=false&show_filters=true&oos_visibility=true&exclude_combos=false&disable_previous_buy_boosting=false&should_disable_listing=false&should_personalise=false&critical_entities_visibility=false&collection_group_name=Soy+Milk+%26+More&collection_name=Drinks+%26+Juices
,,https://blinkit.com/dc/drinks-juices/cold-coffee-ice-tea/?collection_uuid=OTg3NjU0MzIxMjM0NTMzNTE%3D&collection_group_id=18675&sort=bestsellers&enable_auto_suggestions=false&should_disable_rails=false&hide_filters=false&show_filters=true&oos_visibility=true&exclude_combos=false&disable_previous_buy_boosting=false&should_disable_listing=false&should_personalise=false&critical_entities_visibility=false&collection_group_name=Cold+Coffee+%26+Ice+Tea&collection_name=Drinks+%26+Juices
,,https://blinkit.com/dc/drinks-juices/coconut-water/?collection_uuid=OTg3NjU0MzIxMjM0NTMzNTE%3D&collection_group_id=11616&sort=bestsellers&enable_auto_suggestions=false&should_disable_rails=false&hide_filters=false&show_filters=true&oos_visibility=true&exclude_combos=false&disable_previous_buy_boosting=false&should_disable_listing=false&should_personalise=false&critical_entities_visibility=false&collection_group_name=Coconut+Water&collection_name=Drinks+%26+Juices
,,https://blinkit.com/dc/drinks-juices/concentrates-syrups/?collection_uuid=OTg3NjU0MzIxMjM0NTMzNTE%3D&collection_group_id=11609&sort=bestsellers&enable_auto_suggestions=false&should_disable_rails=false&hide_filters=false&show_filters=true&oos_visibility=true&exclude_combos=false&disable_previous_buy_boosting=false&should_disable_listing=false&should_personalise=false&critical_entities_visibility=false&collection_group_name=Concentrates+%26+Syrups&collection_name=Drinks+%26+Juices
,,https://blinkit.com/dc/drinks-juices/premium/?collection_uuid=OTg3NjU0MzIxMjM0NTMzNTE%3D&collection_group_id=11750&sort=bestsellers&enable_auto_suggestions=false&should_disable_rails=false&hide_filters=false&show_filters=true&oos_visibility=true&exclude_combos=false&disable_previous_buy_boosting=false&should_disable_listing=false&should_personalise=false&critical_entities_visibility=false&collection_group_name=Premium&collection_name=Drinks+%26+Juices
23,"Tea, Coffee & Milk Drinks",https://blinkit.com/dc/tea-coffee-milk-drinks/tea/?collection_uuid=OTg3NjU0MzIxMjM0NTMzNTA%3D&collection_group_id=11617
,,https://blinkit.com/dc/tea-coffee-milk-drinks/coffee/?collection_uuid=OTg3NjU0MzIxMjM0NTMzNTA%3D&collection_group_id=11618&sort=bestsellers&enable_auto_suggestions=false&should_disable_rails=false&hide_filters=false&show_filters=true&oos_visibility=true&exclude_combos=false&disable_previous_buy_boosting=false&should_disable_listing=false&should_personalise=false&critical_entities_visibility=false&collection_group_name=Coffee&collection_name=Tea%2C+Coffee+%26+Milk+Drinks
,,https://blinkit.com/dc/tea-coffee-milk-drinks/hot-chocolate/?collection_uuid=OTg3NjU0MzIxMjM0NTMzNTA%3D&collection_group_id=18677&sort=bestsellers&enable_auto_suggestions=false&should_disable_rails=false&hide_filters=false&show_filters=true&oos_visibility=true&exclude_combos=false&disable_previous_buy_boosting=false&should_disable_listing=false&should_personalise=false&critical_entities_visibility=false&collection_group_name=Hot+Chocolate&collection_name=Tea%2C+Coffee+%26+Milk+Drinks
,,https://blinkit.com/dc/tea-coffee-milk-drinks/green-tea/?collection_uuid=OTg3NjU0MzIxMjM0NTMzNTA%3D&collection_group_id=11619&sort=bestsellers&enable_auto_suggestions=false&should_disable_rails=false&hide_filters=false&show_filters=true&oos_visibility=true&exclude_combos=false&disable_previous_buy_boosting=false&should_disable_listing=false&should_personalise=false&critical_entities_visibility=false&collection_group_name=Green+Tea&collection_name=Tea%2C+Coffee+%26+Milk+Drinks
,,https://blinkit.com/dc/tea-coffee-milk-drinks/milk-drinks/?collection_uuid=OTg3NjU0MzIxMjM0NTMzNTA%3D&collection_group_id=11622&sort=bestsellers&enable_auto_suggestions=false&should_disable_rails=false&hide_filters=false&show_filters=true&oos_visibility=true&exclude_combos=false&disable_previous_buy_boosting=false&should_disable_listing=false&should_personalise=false&critical_entities_visibility=false&collection_group_name=Milk+Drinks&collection_name=Tea%2C+Coffee+%26+Milk+Drinks
,,https://blinkit.com/dc/tea-coffee-milk-drinks/cold-coffee-ice-tea/?collection_uuid=OTg3NjU0MzIxMjM0NTMzNTA%3D&collection_group_id=11620&sort=bestsellers&enable_auto_suggestions=false&should_disable_rails=false&hide_filters=false&show_filters=true&oos_visibility=true&exclude_combos=false&disable_previous_buy_boosting=false&should_disable_listing=false&should_personalise=false&critical_entities_visibility=false&collection_group_name=Cold+Coffee+%26+Ice+Tea&collection_name=Tea%2C+Coffee+%26+Milk+Drinks
,,https://blinkit.com/dc/tea-coffee-milk-drinks/bags-premixes/?collection_uuid=OTg3NjU0MzIxMjM0NTMzNTA%3D&collection_group_id=11621&sort=bestsellers&enable_auto_suggestions=false&should_disable_rails=false&hide_filters=false&show_filters=true&oos_visibility=true&exclude_combos=false&disable_previous_buy_boosting=false&should_disable_listing=false&should_personalise=false&critical_entities_visibility=false&collection_group_name=Bags+%26+Premixes&collection_name=Tea%2C+Coffee+%26+Milk+Drinks
,,https://blinkit.com/dc/tea-coffee-milk-drinks/premium/?collection_uuid=OTg3NjU0MzIxMjM0NTMzNTA%3D&collection_group_id=11623&sort=bestsellers&enable_auto_suggestions=false&should_disable_rails=false&hide_filters=false&show_filters=true&oos_visibility=true&exclude_combos=false&disable_previous_buy_boosting=false&should_disable_listing=false&should_personalise=false&critical_entities_visibility=false&collection_group_name=Premium&collection_name=Tea%2C+Coffee+%26+Milk+Drinks
,,https://blinkit.com/dc/tea-coffee-milk-drinks/herbal-infusion/?collection_uuid=OTg3NjU0MzIxMjM0NTMzNTA%3D&collection_group_id=899305&sort=bestsellers&enable_auto_suggestions=false&should_disable_rails=false&hide_filters=false&show_filters=true&oos_visibility=true&exclude_combos=false&disable_previous_buy_boosting=false&should_disable_listing=false&should_personalise=false&critical_entities_visibility=false&collection_group_name=Herbal+Infusion&collection_name=Tea%2C+Coffee+%26+Milk+Drinks
24,Instant Food,https://blinkit.com/dc/instant-food/noodles/?collection_uuid=OTg3NjU0MzIxMjM0NTMzNDk%3D&collection_group_id=11624
,,https://blinkit.com/dc/instant-food/frozen-veg-snacks/?collection_uuid=OTg3NjU0MzIxMjM0NTMzNDk%3D&collection_group_id=11629&sort=bestsellers&enable_auto_suggestions=false&should_disable_rails=false&hide_filters=false&show_filters=true&oos_visibility=true&exclude_combos=false&disable_previous_buy_boosting=false&should_disable_listing=false&should_personalise=false&critical_entities_visibility=false&collection_group_name=Frozen+Veg+Snacks&collection_name=Instant+Food
,,https://blinkit.com/dc/instant-food/pasta/?collection_uuid=OTg3NjU0MzIxMjM0NTMzNDk%3D&collection_group_id=11626&sort=bestsellers&enable_auto_suggestions=false&should_disable_rails=false&hide_filters=false&show_filters=true&oos_visibility=true&exclude_combos=false&disable_previous_buy_boosting=false&should_disable_listing=false&should_personalise=false&critical_entities_visibility=false&collection_group_name=Pasta&collection_name=Instant+Food
,,https://blinkit.com/dc/instant-food/frozen-non-veg-snacks/?collection_uuid=OTg3NjU0MzIxMjM0NTMzNDk%3D&collection_group_id=11625&sort=bestsellers&enable_auto_suggestions=false&should_disable_rails=false&hide_filters=false&show_filters=true&oos_visibility=true&exclude_combos=false&disable_previous_buy_boosting=false&should_disable_listing=false&should_personalise=false&critical_entities_visibility=false&collection_group_name=Frozen+Non-Veg+Snacks&collection_name=Instant+Food
,,https://blinkit.com/dc/instant-food/soup/?collection_uuid=OTg3NjU0MzIxMjM0NTMzNDk%3D&collection_group_id=11628&sort=bestsellers&enable_auto_suggestions=false&should_disable_rails=false&hide_filters=false&show_filters=true&oos_visibility=true&exclude_combos=false&disable_previous_buy_boosting=false&should_disable_listing=false&should_personalise=false&critical_entities_visibility=false&collection_group_name=Soup&collection_name=Instant+Food
,,https://blinkit.com/dc/instant-food/ready-to-eat/?collection_uuid=OTg3NjU0MzIxMjM0NTMzNDk%3D&collection_group_id=11627&sort=bestsellers&enable_auto_suggestions=false&should_disable_rails=false&hide_filters=false&show_filters=true&oos_visibility=true&exclude_combos=false&disable_previous_buy_boosting=false&should_disable_listing=false&should_personalise=false&critical_entities_visibility=false&collection_group_name=Ready+to+Eat&collection_name=Instant+Food
,,https://blinkit.com/dc/instant-food/idli-dosa-batter/?collection_uuid=OTg3NjU0MzIxMjM0NTMzNDk%3D&collection_group_id=11630&sort=bestsellers&enable_auto_suggestions=false&should_disable_rails=false&hide_filters=false&show_filters=true&oos_visibility=true&exclude_combos=false&disable_previous_buy_boosting=false&should_disable_listing=false&should_personalise=false&critical_entities_visibility=false&collection_group_name=Idli+%26+Dosa+Batter&collection_name=Instant+Food
,,https://blinkit.com/dc/instant-food/dessert-cake-mixes/?collection_uuid=OTg3NjU0MzIxMjM0NTMzNDk%3D&collection_group_id=11631&sort=bestsellers&enable_auto_suggestions=false&should_disable_rails=false&hide_filters=false&show_filters=true&oos_visibility=true&exclude_combos=false&disable_previous_buy_boosting=false&should_disable_listing=false&should_personalise=false&critical_entities_visibility=false&collection_group_name=Dessert+%26+Cake+Mixes&collection_name=Instant+Food
,,https://blinkit.com/dc/instant-food/organic-premium/?collection_uuid=OTg3NjU0MzIxMjM0NTMzNDk%3D&collection_group_id=11632&sort=bestsellers&enable_auto_suggestions=false&should_disable_rails=false&hide_filters=false&show_filters=true&oos_visibility=true&exclude_combos=false&disable_previous_buy_boosting=false&should_disable_listing=false&should_personalise=false&critical_entities_visibility=false&collection_group_name=Organic+%26+Premium&collection_name=Instant+Food
25,Sauces & Spreads,https://blinkit.com/dc/sauces-spreads/tomato-ketchup/?collection_uuid=OTg3NjU0MzIxMjM0NTMzNDg%3D&collection_group_id=11643
,,https://blinkit.com/dc/sauces-spreads/mayonnaise/?collection_uuid=OTg3NjU0MzIxMjM0NTMzNDg%3D&collection_group_id=11641&sort=bestsellers&enable_auto_suggestions=false&should_disable_rails=false&hide_filters=false&show_filters=true&oos_visibility=true&exclude_combos=false&disable_previous_buy_boosting=false&should_disable_listing=false&should_personalise=false&critical_entities_visibility=false&collection_group_name=Mayonnaise&collection_name=Sauces+%26+Spreads
,,https://blinkit.com/dc/sauces-spreads/jam-spreads/?collection_uuid=OTg3NjU0MzIxMjM0NTMzNDg%3D&collection_group_id=11636&sort=bestsellers&enable_auto_suggestions=false&should_disable_rails=false&hide_filters=false&show_filters=true&oos_visibility=true&exclude_combos=false&disable_previous_buy_boosting=false&should_disable_listing=false&should_personalise=false&critical_entities_visibility=false&collection_group_name=Jam+%26+Spreads&collection_name=Sauces+%26+Spreads
,,https://blinkit.com/dc/sauces-spreads/chutney-pickle-/?collection_uuid=OTg3NjU0MzIxMjM0NTMzNDg%3D&collection_group_id=11638&sort=bestsellers&enable_auto_suggestions=false&should_disable_rails=false&hide_filters=false&show_filters=true&oos_visibility=true&exclude_combos=false&disable_previous_buy_boosting=false&should_disable_listing=false&should_personalise=false&critical_entities_visibility=false&collection_group_name=Chutney+%26+Pickle+&collection_name=Sauces+%26+Spreads
,,https://blinkit.com/dc/sauces-spreads/peanut-butter/?collection_uuid=OTg3NjU0MzIxMjM0NTMzNDg%3D&collection_group_id=11639&sort=bestsellers&enable_auto_suggestions=false&should_disable_rails=false&hide_filters=false&show_filters=true&oos_visibility=true&exclude_combos=false&disable_previous_buy_boosting=false&should_disable_listing=false&should_personalise=false&critical_entities_visibility=false&collection_group_name=Peanut+Butter&collection_name=Sauces+%26+Spreads
,,https://blinkit.com/dc/sauces-spreads/asian-sauces/?collection_uuid=OTg3NjU0MzIxMjM0NTMzNDg%3D&collection_group_id=11634&sort=bestsellers&enable_auto_suggestions=false&should_disable_rails=false&hide_filters=false&show_filters=true&oos_visibility=true&exclude_combos=false&disable_previous_buy_boosting=false&should_disable_listing=false&should_personalise=false&critical_entities_visibility=false&collection_group_name=Asian+Sauces&collection_name=Sauces+%26+Spreads
,,https://blinkit.com/dc/sauces-spreads/chyawanprash-honey/?collection_uuid=OTg3NjU0MzIxMjM0NTMzNDg%3D&collection_group_id=11640&sort=bestsellers&enable_auto_suggestions=false&should_disable_rails=false&hide_filters=false&show_filters=true&oos_visibility=true&exclude_combos=false&disable_previous_buy_boosting=false&should_disable_listing=false&should_personalise=false&critical_entities_visibility=false&collection_group_name=Chyawanprash+%26+Honey&collection_name=Sauces+%26+Spreads
,,https://blinkit.com/dc/sauces-spreads/dips-salad-dressings/?collection_uuid=OTg3NjU0MzIxMjM0NTMzNDg%3D&collection_group_id=326530&sort=bestsellers&enable_auto_suggestions=false&should_disable_rails=false&hide_filters=false&show_filters=true&oos_visibility=true&exclude_combos=false&disable_previous_buy_boosting=false&should_disable_listing=false&should_personalise=false&critical_entities_visibility=false&collection_group_name=Dips+%26+Salad+Dressings&collection_name=Sauces+%26+Spreads
,,https://blinkit.com/dc/sauces-spreads/cooking-sauces/?collection_uuid=OTg3NjU0MzIxMjM0NTMzNDg%3D&collection_group_id=11633&sort=bestsellers&enable_auto_suggestions=false&should_disable_rails=false&hide_filters=false&show_filters=true&oos_visibility=true&exclude_combos=false&disable_previous_buy_boosting=false&should_disable_listing=false&should_personalise=false&critical_entities_visibility=false&collection_group_name=Cooking+Sauces&collection_name=Sauces+%26+Spreads
,,https://blinkit.com/dc/sauces-spreads/premium/?collection_uuid=OTg3NjU0MzIxMjM0NTMzNDg%3D&collection_group_id=11635&sort=bestsellers&enable_auto_suggestions=false&should_disable_rails=false&hide_filters=false&show_filters=true&oos_visibility=true&exclude_combos=false&disable_previous_buy_boosting=false&should_disable_listing=false&should_personalise=false&critical_entities_visibility=false&collection_group_name=Premium&collection_name=Sauces+%26+Spreads
26,Ice Creams & More,https://blinkit.com/dc/ice-creams-more/tubs/?collection_uuid=OTg3NjU0MzIxMjM0NTMxOTg%3D&collection_group_id=12770
,,https://blinkit.com/dc/ice-creams-more/cones/?collection_uuid=OTg3NjU0MzIxMjM0NTMxOTg%3D&collection_group_id=15719&sort=bestsellers&enable_auto_suggestions=false&should_disable_rails=false&hide_filters=false&show_filters=true&oos_visibility=true&exclude_combos=false&disable_previous_buy_boosting=false&should_disable_listing=false&should_personalise=false&critical_entities_visibility=false&collection_group_name=Cones&collection_name=Ice+Creams+%26+More
,,https://blinkit.com/dc/ice-creams-more/sticks/?collection_uuid=OTg3NjU0MzIxMjM0NTMxOTg%3D&collection_group_id=12768&sort=bestsellers&enable_auto_suggestions=false&should_disable_rails=false&hide_filters=false&show_filters=true&oos_visibility=true&exclude_combos=false&disable_previous_buy_boosting=false&should_disable_listing=false&should_personalise=false&critical_entities_visibility=false&collection_group_name=Sticks&collection_name=Ice+Creams+%26+More
,,https://blinkit.com/dc/ice-creams-more/cassata-sandwich/?collection_uuid=OTg3NjU0MzIxMjM0NTMxOTg%3D&collection_group_id=12769&sort=bestsellers&enable_auto_suggestions=false&should_disable_rails=false&hide_filters=false&show_filters=true&oos_visibility=true&exclude_combos=false&disable_previous_buy_boosting=false&should_disable_listing=false&should_personalise=false&critical_entities_visibility=false&collection_group_name=Cassata+%26+Sandwich&collection_name=Ice+Creams+%26+More
,,https://blinkit.com/dc/ice-creams-more/single-serve-cups/?collection_uuid=OTg3NjU0MzIxMjM0NTMxOTg%3D&collection_group_id=12778&sort=bestsellers&enable_auto_suggestions=false&should_disable_rails=false&hide_filters=false&show_filters=true&oos_visibility=true&exclude_combos=false&disable_previous_buy_boosting=false&should_disable_listing=false&should_personalise=false&critical_entities_visibility=false&collection_group_name=Single+Serve+Cups&collection_name=Ice+Creams+%26+More
,,https://blinkit.com/dc/ice-creams-more/cakes-others/?collection_uuid=OTg3NjU0MzIxMjM0NTMxOTg%3D&collection_group_id=806290&enable_auto_suggestions=false&should_disable_rails=false&hide_filters=false&show_filters=true&oos_visibility=true&exclude_combos=false&disable_previous_buy_boosting=false&should_disable_listing=false&should_personalise=false&critical_entities_visibility=false&collection_group_name=Cakes+%26+Others&collection_name=Ice+Creams+%26+More
,,https://blinkit.com/dc/ice-creams-more/guilt-free/?collection_uuid=OTg3NjU0MzIxMjM0NTMxOTg%3D&collection_group_id=12779&sort=bestsellers&enable_auto_suggestions=false&should_disable_rails=false&hide_filters=false&show_filters=true&oos_visibility=true&exclude_combos=false&disable_previous_buy_boosting=false&should_disable_listing=false&should_personalise=false&critical_entities_visibility=false&collection_group_name=Guilt-Free&collection_name=Ice+Creams+%26+More
,,https://blinkit.com/dc/ice-creams-more/gourmet/?collection_uuid=OTg3NjU0MzIxMjM0NTMxOTg%3D&collection_group_id=12777&sort=bestsellers&enable_auto_suggestions=false&should_disable_rails=false&hide_filters=false&show_filters=true&oos_visibility=true&exclude_combos=false&disable_previous_buy_boosting=false&should_disable_listing=false&should_personalise=false&critical_entities_visibility=false&collection_group_name=Gourmet&collection_name=Ice+Creams+%26+More
27,Home & Lifestyle,https://blinkit.com/dc/home-lifestyle/home-decor/?collection_uuid=OTg3NjU0MzIxMjM0NTMzMjk%3D&collection_group_id=274585
,,https://blinkit.com/dc/home-lifestyle/plants-bouquets/?collection_uuid=OTg3NjU0MzIxMjM0NTMzMjk%3D&collection_group_id=11740&sort=bestsellers&enable_auto_suggestions=false&should_disable_rails=false&hide_filters=false&show_filters=true&oos_visibility=true&exclude_combos=false&disable_previous_buy_boosting=false&should_disable_listing=false&should_personalise=false&critical_entities_visibility=false&collection_group_name=Plants+%26+Bouquets&collection_name=Home+%26+Lifestyle
,,https://blinkit.com/dc/home-lifestyle/bedsheets-towels/?collection_uuid=OTg3NjU0MzIxMjM0NTMzMjk%3D&collection_group_id=11705&sort=bestsellers&enable_auto_suggestions=false&should_disable_rails=false&hide_filters=false&show_filters=true&oos_visibility=true&exclude_combos=false&disable_previous_buy_boosting=false&should_disable_listing=false&should_personalise=false&critical_entities_visibility=false&collection_group_name=Bedsheets+%26+Towels&collection_name=Home+%26+Lifestyle
,,https://blinkit.com/dc/home-lifestyle/gardening/?collection_uuid=OTg3NjU0MzIxMjM0NTMzMjk%3D&collection_group_id=416530&sort=bestsellers&enable_auto_suggestions=false&should_disable_rails=false&hide_filters=false&show_filters=true&oos_visibility=true&exclude_combos=false&disable_previous_buy_boosting=false&should_disable_listing=false&should_personalise=false&critical_entities_visibility=false&collection_group_name=Gardening&collection_name=Home+%26+Lifestyle
,,https://blinkit.com/dc/home-lifestyle/decorative-lights/?collection_uuid=OTg3NjU0MzIxMjM0NTMzMjk%3D&collection_group_id=11710&sort=bestsellers&enable_auto_suggestions=false&should_disable_rails=false&hide_filters=false&show_filters=true&oos_visibility=true&exclude_combos=false&disable_previous_buy_boosting=false&should_disable_listing=false&should_personalise=false&critical_entities_visibility=false&collection_group_name=Decorative+Lights&collection_name=Home+%26+Lifestyle
,,https://blinkit.com/dc/home-lifestyle/home-needs/?collection_uuid=OTg3NjU0MzIxMjM0NTMzMjk%3D&collection_group_id=11702&sort=bestsellers&enable_auto_suggestions=false&should_disable_rails=false&hide_filters=false&show_filters=true&oos_visibility=true&exclude_combos=false&disable_previous_buy_boosting=false&should_disable_listing=false&should_personalise=false&critical_entities_visibility=false&collection_group_name=Home+Needs&collection_name=Home+%26+Lifestyle
,,https://blinkit.com/dc/home-lifestyle/tissues-disposables/?collection_uuid=OTg3NjU0MzIxMjM0NTMzMjk%3D&collection_group_id=628253&sort=bestsellers&enable_auto_suggestions=false&should_disable_rails=false&hide_filters=false&show_filters=true&oos_visibility=true&exclude_combos=false&disable_previous_buy_boosting=false&should_disable_listing=false&should_personalise=false&critical_entities_visibility=false&collection_group_name=Tissues+%26+Disposables&collection_name=Home+%26+Lifestyle
,,https://blinkit.com/dc/home-lifestyle/jewellery/?collection_uuid=OTg3NjU0MzIxMjM0NTMzMjk%3D&collection_group_id=131574&sort=bestsellers&enable_auto_suggestions=false&should_disable_rails=false&hide_filters=false&show_filters=true&oos_visibility=true&exclude_combos=false&disable_previous_buy_boosting=false&should_disable_listing=false&should_personalise=false&critical_entities_visibility=false&collection_group_name=Jewellery&collection_name=Home+%26+Lifestyle
,,https://blinkit.com/dc/home-lifestyle/innerwear/?collection_uuid=OTg3NjU0MzIxMjM0NTMzMjk%3D&collection_group_id=11703&sort=bestsellers&enable_auto_suggestions=false&should_disable_rails=false&hide_filters=false&show_filters=true&oos_visibility=true&exclude_combos=false&disable_previous_buy_boosting=false&should_disable_listing=false&should_personalise=false&critical_entities_visibility=false&collection_group_name=Innerwear&collection_name=Home+%26+Lifestyle
,,https://blinkit.com/dc/home-lifestyle/lifestyle-accessories/?collection_uuid=OTg3NjU0MzIxMjM0NTMzMjk%3D&collection_group_id=11707&sort=bestsellers&enable_auto_suggestions=false&should_disable_rails=false&hide_filters=false&show_filters=true&oos_visibility=true&exclude_combos=false&disable_previous_buy_boosting=false&should_disable_listing=false&should_personalise=false&critical_entities_visibility=false&collection_group_name=Lifestyle+Accessories&collection_name=Home+%26+Lifestyle
,,https://blinkit.com/dc/home-lifestyle/party-festive-needs/?collection_uuid=OTg3NjU0MzIxMjM0NTMzMjk%3D&collection_group_id=659636&sort=bestsellers&enable_auto_suggestions=false&should_disable_rails=false&hide_filters=false&show_filters=true&oos_visibility=true&exclude_combos=false&disable_previous_buy_boosting=false&should_disable_listing=false&should_personalise=false&critical_entities_visibility=false&collection_group_name=Party+%26+Festive+Needs&collection_name=Home+%26+Lifestyle
,,https://blinkit.com/dc/home-lifestyle/socks-handkerchiefs/?collection_uuid=OTg3NjU0MzIxMjM0NTMzMjk%3D&collection_group_id=627704&sort=bestsellers&enable_auto_suggestions=false&should_disable_rails=false&hide_filters=false&show_filters=true&oos_visibility=true&exclude_combos=false&disable_previous_buy_boosting=false&should_disable_listing=false&should_personalise=false&critical_entities_visibility=false&collection_group_name=Socks+%26+Handkerchiefs&collection_name=Home+%26+Lifestyle
,,https://blinkit.com/dc/home-lifestyle/fresheners/?collection_uuid=OTg3NjU0MzIxMjM0NTMzMjk%3D&collection_group_id=11709&sort=bestsellers&enable_auto_suggestions=false&should_disable_rails=false&hide_filters=false&show_filters=true&oos_visibility=true&exclude_combos=false&disable_previous_buy_boosting=false&should_disable_listing=false&should_personalise=false&critical_entities_visibility=false&collection_group_name=Fresheners&collection_name=Home+%26+Lifestyle
,,https://blinkit.com/dc/home-lifestyle/pooja-needs/?collection_uuid=OTg3NjU0MzIxMjM0NTMzMjk%3D&collection_group_id=21983&sort=bestsellers&enable_auto_suggestions=false&should_disable_rails=false&hide_filters=false&show_filters=true&oos_visibility=true&exclude_combos=false&disable_previous_buy_boosting=false&should_disable_listing=false&should_personalise=false&critical_entities_visibility=false&collection_group_name=Pooja+Needs&collection_name=Home+%26+Lifestyle
,,https://blinkit.com/dc/home-lifestyle/bathroom-essentials/?collection_uuid=OTg3NjU0MzIxMjM0NTMzMjk%3D&collection_group_id=22864&sort=bestsellers&enable_auto_suggestions=false&should_disable_rails=false&hide_filters=false&show_filters=true&oos_visibility=true&exclude_combos=false&disable_previous_buy_boosting=false&should_disable_listing=false&should_personalise=false&critical_entities_visibility=false&collection_group_name=Bathroom+Essentials&collection_name=Home+%26+Lifestyle
28,Electronics,https://blinkit.com/dc/electronics/trimmers-hair-appliances/?collection_uuid=OTg3NjU0MzIxMjM0NTMzMjY%3D&collection_group_id=11728
,,https://blinkit.com/dc/electronics/earphones-headsets/?collection_uuid=OTg3NjU0MzIxMjM0NTMzMjY%3D&collection_group_id=17702&sort=bestsellers&enable_auto_suggestions=false&should_disable_rails=false&hide_filters=false&show_filters=true&oos_visibility=true&exclude_combos=false&disable_previous_buy_boosting=true&should_disable_listing=false&should_personalise=false&critical_entities_visibility=false&collection_group_name=Earphones+%26+Headsets&collection_name=Electronics
,,https://blinkit.com/dc/electronics/speakers/?collection_uuid=OTg3NjU0MzIxMjM0NTMzMjY%3D&collection_group_id=12249&sort=bestsellers&enable_auto_suggestions=false&should_disable_rails=false&hide_filters=false&show_filters=true&oos_visibility=true&exclude_combos=false&disable_previous_buy_boosting=true&should_disable_listing=false&should_personalise=false&critical_entities_visibility=false&collection_group_name=Speakers&collection_name=Electronics
,,https://blinkit.com/dc/electronics/mobile-computer/?collection_uuid=OTg3NjU0MzIxMjM0NTMzMjY%3D&collection_group_id=11723&sort=bestsellers&enable_auto_suggestions=false&should_disable_rails=false&hide_filters=false&show_filters=true&oos_visibility=true&exclude_combos=false&disable_previous_buy_boosting=true&should_disable_listing=false&should_personalise=false&critical_entities_visibility=false&collection_group_name=Mobile+%26+Computer&collection_name=Electronics
,,https://blinkit.com/dc/electronics/decorative-lights/?collection_uuid=OTg3NjU0MzIxMjM0NTMzMjY%3D&collection_group_id=11724&sort=bestsellers&enable_auto_suggestions=false&should_disable_rails=false&hide_filters=false&show_filters=true&oos_visibility=true&exclude_combos=false&disable_previous_buy_boosting=true&should_disable_listing=false&should_personalise=false&critical_entities_visibility=false&collection_group_name=Decorative+Lights&collection_name=Electronics
,,https://blinkit.com/dc/electronics/chargers-cables/?collection_uuid=OTg3NjU0MzIxMjM0NTMzMjY%3D&collection_group_id=98396&sort=bestsellers&enable_auto_suggestions=false&should_disable_rails=false&hide_filters=false&show_filters=true&oos_visibility=true&exclude_combos=false&disable_previous_buy_boosting=true&should_disable_listing=false&should_personalise=false&critical_entities_visibility=false&collection_group_name=Chargers+%26+Cables&collection_name=Electronics
,,https://blinkit.com/dc/electronics/smart-watches/?collection_uuid=OTg3NjU0MzIxMjM0NTMzMjY%3D&collection_group_id=12250&sort=bestsellers&enable_auto_suggestions=false&should_disable_rails=false&hide_filters=false&show_filters=true&oos_visibility=true&exclude_combos=false&disable_previous_buy_boosting=true&should_disable_listing=false&should_personalise=false&critical_entities_visibility=false&collection_group_name=Smart+Watches&collection_name=Electronics
,,https://blinkit.com/dc/electronics/kitchen-appliances/?collection_uuid=OTg3NjU0MzIxMjM0NTMzMjY%3D&collection_group_id=628148&sort=bestsellers&enable_auto_suggestions=false&should_disable_rails=false&hide_filters=false&show_filters=true&oos_visibility=true&exclude_combos=false&disable_previous_buy_boosting=true&should_disable_listing=false&should_personalise=false&critical_entities_visibility=false&collection_group_name=Kitchen+Appliances&collection_name=Electronics
,,https://blinkit.com/dc/electronics/laptop-mobile-phones/?collection_uuid=OTg3NjU0MzIxMjM0NTMzMjY%3D&collection_group_id=349680&sort=bestsellers&enable_auto_suggestions=false&should_disable_rails=false&hide_filters=false&show_filters=true&oos_visibility=true&exclude_combos=false&disable_previous_buy_boosting=true&should_disable_listing=false&should_personalise=false&critical_entities_visibility=false&collection_group_name=Laptop+%26+Mobile+Phones&collection_name=Electronics
,,https://blinkit.com/dc/electronics/batteries/?collection_uuid=OTg3NjU0MzIxMjM0NTMzMjY%3D&collection_group_id=12248&sort=bestsellers&enable_auto_suggestions=false&should_disable_rails=false&hide_filters=false&show_filters=true&oos_visibility=true&exclude_combos=false&disable_previous_buy_boosting=true&should_disable_listing=false&should_personalise=false&critical_entities_visibility=false&collection_group_name=Batteries&collection_name=Electronics
,,https://blinkit.com/dc/electronics/extension-cables-accessories/?collection_uuid=OTg3NjU0MzIxMjM0NTMzMjY%3D&collection_group_id=11726&sort=bestsellers&enable_auto_suggestions=false&should_disable_rails=false&hide_filters=false&show_filters=true&oos_visibility=true&exclude_combos=false&disable_previous_buy_boosting=true&should_disable_listing=false&should_personalise=false&critical_entities_visibility=false&collection_group_name=Extension+Cables+%26+Accessories&collection_name=Electronics
,,https://blinkit.com/dc/electronics/home-appliances/?collection_uuid=OTg3NjU0MzIxMjM0NTMzMjY%3D&collection_group_id=11727&sort=bestsellers&enable_auto_suggestions=false&should_disable_rails=false&hide_filters=false&show_filters=true&oos_visibility=true&exclude_combos=false&disable_previous_buy_boosting=true&should_disable_listing=false&should_personalise=false&critical_entities_visibility=false&collection_group_name=Home+Appliances&collection_name=Electronics